scenario,requested_n,input_n,algorithm,repeat,seconds,output_n,exact_equal_reference,passes,subsumption_queries,subsumed_removed,index_insertions,sibling_merges
antichain_1d,32,32,reference,0,0.0006184000000000051,32,True,,,,,
antichain_1d,32,32,reference,1,0.0005759000000000042,32,True,,,,,
antichain_1d,32,32,reference,2,0.0005631999999999998,32,True,,,,,
antichain_1d,32,32,indexed_n1,0,0.0005866999999999956,32,True,1,32,0,32,0
antichain_1d,32,32,indexed_n1,1,0.0005488999999999911,32,True,1,32,0,32,0
antichain_1d,32,32,indexed_n1,2,0.0005174999999999902,32,True,1,32,0,32,0
antichain_1d,32,32,indexed_n1_batch_n2,0,0.0005150000000000016,32,True,1,32,0,32,0
antichain_1d,32,32,indexed_n1_batch_n2,1,0.0010580000000000034,32,True,1,32,0,32,0
antichain_1d,32,32,indexed_n1_batch_n2,2,0.0005983999999999989,32,True,1,32,0,32,0
antichain_1d,64,64,reference,0,0.0019772999999999874,64,True,,,,,
antichain_1d,64,64,reference,1,0.0019466999999999957,64,True,,,,,
antichain_1d,64,64,reference,2,0.0020657000000000036,64,True,,,,,
antichain_1d,64,64,indexed_n1,0,0.0016107000000000066,64,True,1,64,0,64,0
antichain_1d,64,64,indexed_n1,1,0.0011579000000000034,64,True,1,64,0,64,0
antichain_1d,64,64,indexed_n1,2,0.0011961999999999945,64,True,1,64,0,64,0
antichain_1d,64,64,indexed_n1_batch_n2,0,0.0011318999999999912,64,True,1,64,0,64,0
antichain_1d,64,64,indexed_n1_batch_n2,1,0.0011268000000000111,64,True,1,64,0,64,0
antichain_1d,64,64,indexed_n1_batch_n2,2,0.0014534000000000075,64,True,1,64,0,64,0
antichain_1d,128,128,reference,0,0.00874080000000002,128,True,,,,,
antichain_1d,128,128,reference,1,0.007803499999999991,128,True,,,,,
antichain_1d,128,128,reference,2,0.0091088,128,True,,,,,
antichain_1d,128,128,indexed_n1,0,0.002436500000000008,128,True,1,128,0,128,0
antichain_1d,128,128,indexed_n1,1,0.0023646999999999974,128,True,1,128,0,128,0
antichain_1d,128,128,indexed_n1,2,0.0022997000000000156,128,True,1,128,0,128,0
antichain_1d,128,128,indexed_n1_batch_n2,0,0.0024059000000000164,128,True,1,128,0,128,0
antichain_1d,128,128,indexed_n1_batch_n2,1,0.002271200000000001,128,True,1,128,0,128,0
antichain_1d,128,128,indexed_n1_batch_n2,2,0.0032627000000000073,128,True,1,128,0,128,0
antichain_1d,256,256,reference,0,0.0339382,256,True,,,,,
antichain_1d,256,256,reference,1,0.03430109999999997,256,True,,,,,
antichain_1d,256,256,reference,2,0.03440459999999995,256,True,,,,,
antichain_1d,256,256,indexed_n1,0,0.006421800000000033,256,True,1,256,0,256,0
antichain_1d,256,256,indexed_n1,1,0.006019500000000011,256,True,1,256,0,256,0
antichain_1d,256,256,indexed_n1,2,0.006918200000000041,256,True,1,256,0,256,0
antichain_1d,256,256,indexed_n1_batch_n2,0,0.0062126000000000126,256,True,1,256,0,256,0
antichain_1d,256,256,indexed_n1_batch_n2,1,0.006246200000000035,256,True,1,256,0,256,0
antichain_1d,256,256,indexed_n1_batch_n2,2,0.006940400000000013,256,True,1,256,0,256,0
antichain_4d,32,32,reference,0,0.0008580000000000254,32,True,,,,,
antichain_4d,32,32,reference,1,0.0008421000000000123,32,True,,,,,
antichain_4d,32,32,reference,2,0.0008654000000000162,32,True,,,,,
antichain_4d,32,32,indexed_n1,0,0.0016552999999999707,32,True,1,32,0,32,0
antichain_4d,32,32,indexed_n1,1,0.0015483000000000025,32,True,1,32,0,32,0
antichain_4d,32,32,indexed_n1,2,0.001555899999999999,32,True,1,32,0,32,0
antichain_4d,32,32,indexed_n1_batch_n2,0,0.0015824000000000393,32,True,1,32,0,32,0
antichain_4d,32,32,indexed_n1_batch_n2,1,0.001667799999999997,32,True,1,32,0,32,0
antichain_4d,32,32,indexed_n1_batch_n2,2,0.0015975000000000295,32,True,1,32,0,32,0
antichain_4d,64,64,reference,0,0.0027295999999999987,64,True,,,,,
antichain_4d,64,64,reference,1,0.002772400000000008,64,True,,,,,
antichain_4d,64,64,reference,2,0.0027442999999999773,64,True,,,,,
antichain_4d,64,64,indexed_n1,0,0.004137000000000002,64,True,1,64,0,64,0
antichain_4d,64,64,indexed_n1,1,0.003190599999999988,64,True,1,64,0,64,0
antichain_4d,64,64,indexed_n1,2,0.0031951000000000063,64,True,1,64,0,64,0
antichain_4d,64,64,indexed_n1_batch_n2,0,0.0031964000000000437,64,True,1,64,0,64,0
antichain_4d,64,64,indexed_n1_batch_n2,1,0.0032457999999999654,64,True,1,64,0,64,0
antichain_4d,64,64,indexed_n1_batch_n2,2,0.003883499999999984,64,True,1,64,0,64,0
antichain_4d,128,128,reference,0,0.010237200000000002,128,True,,,,,
antichain_4d,128,128,reference,1,0.009591899999999987,128,True,,,,,
antichain_4d,128,128,reference,2,0.009420100000000042,128,True,,,,,
antichain_4d,128,128,indexed_n1,0,0.007200499999999999,128,True,1,128,0,128,0
antichain_4d,128,128,indexed_n1,1,0.005653799999999987,128,True,1,128,0,128,0
antichain_4d,128,128,indexed_n1,2,0.005728700000000031,128,True,1,128,0,128,0
antichain_4d,128,128,indexed_n1_batch_n2,0,0.006642399999999993,128,True,1,128,0,128,0
antichain_4d,128,128,indexed_n1_batch_n2,1,0.006074000000000024,128,True,1,128,0,128,0
antichain_4d,128,128,indexed_n1_batch_n2,2,0.007339499999999999,128,True,1,128,0,128,0
antichain_4d,256,256,reference,0,0.03462179999999998,256,True,,,,,
antichain_4d,256,256,reference,1,0.03539289999999995,256,True,,,,,
antichain_4d,256,256,reference,2,0.03420350000000005,256,True,,,,,
antichain_4d,256,256,indexed_n1,0,0.014280300000000024,256,True,1,256,0,256,0
antichain_4d,256,256,indexed_n1,1,0.015540100000000057,256,True,1,256,0,256,0
antichain_4d,256,256,indexed_n1,2,0.014724300000000023,256,True,1,256,0,256,0
antichain_4d,256,256,indexed_n1_batch_n2,0,0.015627000000000058,256,True,1,256,0,256,0
antichain_4d,256,256,indexed_n1_batch_n2,1,0.01607359999999991,256,True,1,256,0,256,0
antichain_4d,256,256,indexed_n1_batch_n2,2,0.015559900000000071,256,True,1,256,0,256,0
merge_heavy_1d,32,32,reference,0,0.005902900000000044,2,True,,,,,
merge_heavy_1d,32,32,reference,1,0.006456799999999929,2,True,,,,,
merge_heavy_1d,32,32,reference,2,0.005931100000000078,2,True,,,,,
merge_heavy_1d,32,32,indexed_n1,0,0.006993000000000027,2,True,31,527,0,527,30
merge_heavy_1d,32,32,indexed_n1,1,0.008362599999999998,2,True,31,527,0,527,30
merge_heavy_1d,32,32,indexed_n1,2,0.007686100000000029,2,True,31,527,0,527,30
merge_heavy_1d,32,32,indexed_n1_batch_n2,0,0.001758199999999932,2,True,5,62,0,62,30
merge_heavy_1d,32,32,indexed_n1_batch_n2,1,0.0010622000000000131,2,True,5,62,0,62,30
merge_heavy_1d,32,32,indexed_n1_batch_n2,2,0.0010299999999999754,2,True,5,62,0,62,30
merge_heavy_1d,64,64,reference,0,0.05081150000000001,2,True,,,,,
merge_heavy_1d,64,64,reference,1,0.06297529999999996,2,True,,,,,
merge_heavy_1d,64,64,reference,2,0.06141109999999994,2,True,,,,,
merge_heavy_1d,64,64,indexed_n1,0,0.03266619999999987,2,True,63,2079,0,2079,62
merge_heavy_1d,64,64,indexed_n1,1,0.03233550000000007,2,True,63,2079,0,2079,62
merge_heavy_1d,64,64,indexed_n1,2,0.032448900000000114,2,True,63,2079,0,2079,62
merge_heavy_1d,64,64,indexed_n1_batch_n2,0,0.0023895000000000444,2,True,6,126,0,126,62
merge_heavy_1d,64,64,indexed_n1_batch_n2,1,0.002225699999999886,2,True,6,126,0,126,62
merge_heavy_1d,64,64,indexed_n1_batch_n2,2,0.002233700000000116,2,True,6,126,0,126,62
merge_heavy_1d,128,128,reference,0,0.36617769999999994,2,True,,,,,
merge_heavy_1d,128,128,reference,1,0.3843293000000001,2,True,,,,,
merge_heavy_1d,128,128,reference,2,0.3595411999999998,2,True,,,,,
merge_heavy_1d,128,128,indexed_n1,0,0.1622306,2,True,127,8255,0,8255,126
merge_heavy_1d,128,128,indexed_n1,1,0.14121649999999963,2,True,127,8255,0,8255,126
merge_heavy_1d,128,128,indexed_n1,2,0.14070399999999994,2,True,127,8255,0,8255,126
merge_heavy_1d,128,128,indexed_n1_batch_n2,0,0.004820899999999906,2,True,7,254,0,254,126
merge_heavy_1d,128,128,indexed_n1_batch_n2,1,0.005018900000000048,2,True,7,254,0,254,126
merge_heavy_1d,128,128,indexed_n1_batch_n2,2,0.004250800000000332,2,True,7,254,0,254,126
merge_heavy_1d,256,256,reference,0,2.7358384000000004,2,True,,,,,
merge_heavy_1d,256,256,reference,1,2.781421,2,True,,,,,
merge_heavy_1d,256,256,reference,2,2.7221012999999985,2,True,,,,,
merge_heavy_1d,256,256,indexed_n1,0,0.5578620000000001,2,True,255,32895,0,32895,254
merge_heavy_1d,256,256,indexed_n1,1,0.5562619000000009,2,True,255,32895,0,32895,254
merge_heavy_1d,256,256,indexed_n1,2,0.5587908000000006,2,True,255,32895,0,32895,254
merge_heavy_1d,256,256,indexed_n1_batch_n2,0,0.008810399999999774,2,True,8,510,0,510,254
merge_heavy_1d,256,256,indexed_n1_batch_n2,1,0.008774400000000071,2,True,8,510,0,510,254
merge_heavy_1d,256,256,indexed_n1_batch_n2,2,0.009041599999999761,2,True,8,510,0,510,254
anisotropic_merge_2d,32,32,reference,0,0.0070640000000015135,2,True,,,,,
anisotropic_merge_2d,32,32,reference,1,0.006135999999999697,2,True,,,,,
anisotropic_merge_2d,32,32,reference,2,0.007291200000000941,2,True,,,,,
anisotropic_merge_2d,32,32,indexed_n1,0,0.010535400000000195,2,True,31,527,0,527,30
anisotropic_merge_2d,32,32,indexed_n1,1,0.011313499999999976,2,True,31,527,0,527,30
anisotropic_merge_2d,32,32,indexed_n1,2,0.011642399999999498,2,True,31,527,0,527,30
anisotropic_merge_2d,32,32,indexed_n1_batch_n2,0,0.0012570000000007298,2,True,5,62,0,62,30
anisotropic_merge_2d,32,32,indexed_n1_batch_n2,1,0.0013953999999998246,2,True,5,62,0,62,30
anisotropic_merge_2d,32,32,indexed_n1_batch_n2,2,0.0012641999999996045,2,True,5,62,0,62,30
anisotropic_merge_2d,64,64,reference,0,0.0480798999999994,2,True,,,,,
anisotropic_merge_2d,64,64,reference,1,0.046517000000001474,2,True,,,,,
anisotropic_merge_2d,64,64,reference,2,0.04793680000000222,2,True,,,,,
anisotropic_merge_2d,64,64,indexed_n1,0,0.049311300000002944,2,True,63,2079,0,2079,62
anisotropic_merge_2d,64,64,indexed_n1,1,0.04576699999999789,2,True,63,2079,0,2079,62
anisotropic_merge_2d,64,64,indexed_n1,2,0.04460330000000212,2,True,63,2079,0,2079,62
anisotropic_merge_2d,64,64,indexed_n1_batch_n2,0,0.0027575999999989165,2,True,6,126,0,126,62
anisotropic_merge_2d,64,64,indexed_n1_batch_n2,1,0.002559800000000223,2,True,6,126,0,126,62
anisotropic_merge_2d,64,64,indexed_n1_batch_n2,2,0.0027061000000010438,2,True,6,126,0,126,62
anisotropic_merge_2d,128,128,reference,0,0.36104309999999984,2,True,,,,,
anisotropic_merge_2d,128,128,reference,1,0.38627770000000083,2,True,,,,,
anisotropic_merge_2d,128,128,reference,2,0.4427267999999991,2,True,,,,,
anisotropic_merge_2d,128,128,indexed_n1,0,0.1961383000000012,2,True,127,8255,0,8255,126
anisotropic_merge_2d,128,128,indexed_n1,1,0.1935348000000019,2,True,127,8255,0,8255,126
anisotropic_merge_2d,128,128,indexed_n1,2,0.20881669999999986,2,True,127,8255,0,8255,126
anisotropic_merge_2d,128,128,indexed_n1_batch_n2,0,0.005867899999998372,2,True,7,254,0,254,126
anisotropic_merge_2d,128,128,indexed_n1_batch_n2,1,0.005734900000000209,2,True,7,254,0,254,126
anisotropic_merge_2d,128,128,indexed_n1_batch_n2,2,0.006721499999997604,2,True,7,254,0,254,126
anisotropic_merge_2d,256,256,reference,0,2.7927096999999996,2,True,,,,,
anisotropic_merge_2d,256,256,reference,1,3.114260599999998,2,True,,,,,
anisotropic_merge_2d,256,256,reference,2,3.5628835999999993,2,True,,,,,
anisotropic_merge_2d,256,256,indexed_n1,0,1.0012978999999973,2,True,255,32895,0,32895,254
anisotropic_merge_2d,256,256,indexed_n1,1,0.9951329000000015,2,True,255,32895,0,32895,254
anisotropic_merge_2d,256,256,indexed_n1,2,1.0405844000000002,2,True,255,32895,0,32895,254
anisotropic_merge_2d,256,256,indexed_n1_batch_n2,0,0.01626789999999545,2,True,8,510,0,510,254
anisotropic_merge_2d,256,256,indexed_n1_batch_n2,1,0.014866800000000069,2,True,8,510,0,510,254
anisotropic_merge_2d,256,256,indexed_n1_batch_n2,2,0.01596659999999872,2,True,8,510,0,510,254
