ix,iy,ih,exposed_faces
29819563,13003376,16383,-h
29819563,13003377,16383,+y -h
29819564,13003374,16383,-y -h
29819564,13003375,16383,-h
29819564,13003376,16383,-h
29819564,13003377,16383,+y -h
29819564,13003377,16384,+y
29819565,13003374,16383,-y -h
29819565,13003375,16383,-h
29819565,13003376,16383,-h
29819565,13003377,16383,+y -h
29819565,13003377,16384,+y
29819565,13003377,16385,+y
29819566,13003368,16384,-y +h
29819566,13003374,16383,-y -h
29819566,13003375,16383,-h
29819566,13003376,16383,-h
29819566,13003377,16383,+y -h
29819566,13003377,16384,+y
29819566,13003377,16385,+y
29819566,13003377,16386,+y
29819566,13003377,16387,+y
29819567,13003368,16384,+x -y +h
29819567,13003374,16383,-y -h
29819567,13003375,16383,-h
29819567,13003376,16383,-h
29819567,13003377,16383,+y -h
29819567,13003377,16384,+y
29819567,13003377,16385,+y
29819567,13003377,16386,+y
29819567,13003377,16387,+y
29819567,13003378,16388,+y -h
29819568,13003374,16383,-y -h
29819568,13003375,16383,-h
29819568,13003376,16383,-h
29819568,13003377,16383,+y -h
29819568,13003377,16384,+y
29819568,13003377,16385,+y
29819568,13003377,16386,+y
29819568,13003377,16387,+y
29819568,13003378,16388,+y -h
29819569,13003369,16384,-y
29819569,13003369,16385,-y
29819569,13003369,16386,-y
29819569,13003369,16387,-y
29819569,13003369,16388,-y
29819569,13003374,16383,-y -h
29819569,13003375,16383,-h
29819569,13003376,16383,-h
29819569,13003377,16383,+y -h
29819569,13003377,16384,+y
29819569,13003377,16385,+y
29819569,13003377,16386,+y
29819569,13003377,16387,+y
29819569,13003378,16388,-h
29819570,13003369,16383,-y -h
29819570,13003369,16384,-y
29819570,13003369,16385,-y
29819570,13003369,16386,-y
29819570,13003369,16387,-y
29819570,13003369,16388,-y
29819570,13003374,16383,-y -h
29819570,13003375,16383,-h
29819570,13003376,16383,-h
29819570,13003377,16383,+y -h
29819570,13003377,16384,+y
29819570,13003377,16385,+y
29819571,13003366,16383,-x +y -y +h -h
29819571,13003369,16383,-y -h
29819571,13003369,16384,-y
29819571,13003369,16385,-y
29819571,13003369,16386,-y
29819571,13003369,16387,-y
29819571,13003369,16388,-y
29819571,13003370,16383,-h
29819571,13003374,16383,-h
29819571,13003375,16383,-h
29819571,13003376,16383,-h
29819571,13003377,16383,+y -h
29819571,13003377,16384,+y
29819571,13003377,16385,+y
29819572,13003354,16383,-h
29819572,13003355,16383,-h
29819572,13003356,16383,-h
29819572,13003365,16383,-x -y +h -h
29819572,13003366,16383,+h -h
29819572,13003367,16383,-x +h -h
29819572,13003368,16383,-x -h
29819572,13003368,16384,-x -y +h
29819572,13003369,16383,-h
29819572,13003369,16385,-y
29819572,13003370,16383,-h
29819572,13003371,16383,-h
29819572,13003374,16383,-h
29819572,13003375,16383,-h
29819572,13003376,16383,-h
29819572,13003377,16383,+y -h
29819572,13003377,16384,+y
29819572,13003377,16385,+y
29819573,13003353,16383,-h
29819573,13003354,16383,-h
29819573,13003355,16383,-h
29819573,13003356,16383,-h
29819573,13003357,16383,-h
29819573,13003358,16383,-h
29819573,13003365,16383,-y -h
29819573,13003366,16383,-h
29819573,13003367,16383,+h -h
29819573,13003368,16383,-h
29819573,13003368,16384,-y +h
29819573,13003369,16383,-h
29819573,13003369,16385,-y
29819573,13003370,16383,-h
29819573,13003371,16383,-h
29819573,13003374,16383,-h
29819573,13003375,16383,-h
29819573,13003376,16383,-h
29819573,13003377,16383,+y -h
29819573,13003377,16384,+y
29819574,13003351,16383,-h
29819574,13003352,16383,-h
29819574,13003353,16383,-h
29819574,13003354,16383,-h
29819574,13003355,16383,-h
29819574,13003356,16383,-h
29819574,13003357,16383,-h
29819574,13003358,16383,-h
29819574,13003365,16383,-y -h
29819574,13003366,16383,-h
29819574,13003367,16383,-h
29819574,13003368,16383,-h
29819574,13003369,16383,-h
29819574,13003370,16383,-h
29819574,13003371,16383,-h
29819574,13003374,16383,-h
29819574,13003375,16383,-h
29819574,13003376,16383,-h
29819574,13003377,16383,+y -h
29819574,13003377,16384,+y
29819575,13003349,16383,-h
29819575,13003350,16383,-h
29819575,13003351,16383,-h
29819575,13003352,16383,-h
29819575,13003353,16383,-h
29819575,13003354,16383,-h
29819575,13003355,16383,-h
29819575,13003356,16383,-h
29819575,13003357,16383,-h
29819575,13003358,16383,-h
29819575,13003365,16383,+x -y -h
29819575,13003365,16384,+x -y
29819575,13003366,16383,+x -h
29819575,13003367,16383,-h
29819575,13003368,16383,-h
29819575,13003369,16383,-h
29819575,13003370,16383,-h
29819575,13003371,16383,-h
29819575,13003374,16383,-h
29819575,13003375,16383,-h
29819575,13003376,16383,-h
29819575,13003377,16383,+y -h
29819575,13003377,16384,+y
29819576,13003349,16383,-h
29819576,13003350,16383,-h
29819576,13003351,16383,-h
29819576,13003352,16383,-h
29819576,13003353,16383,-h
29819576,13003354,16383,-h
29819576,13003355,16383,-h
29819576,13003356,16383,-h
29819576,13003357,16383,-h
29819576,13003367,16383,-y -h
29819576,13003368,16383,-h
29819576,13003369,16383,-h
29819576,13003370,16383,-h
29819576,13003371,16383,-h
29819576,13003375,16383,-h
29819576,13003376,16383,-h
29819576,13003377,16383,+y -h
29819576,13003377,16384,+y
29819576,13003380,16385,+y -h
29819576,13003381,16387,+y +h -h
29819577,13003349,16383,-h
29819577,13003350,16383,-h
29819577,13003351,16383,-h
29819577,13003352,16383,-h
29819577,13003353,16383,-h
29819577,13003354,16383,-h
29819577,13003355,16383,-h
29819577,13003356,16383,-h
29819577,13003359,16383,+x -h
29819577,13003360,16383,+x +y -h
29819577,13003367,16383,-y -h
29819577,13003367,16384,-y
29819577,13003367,16385,-y
29819577,13003368,16383,-h
29819577,13003369,16383,-h
29819577,13003370,16383,-h
29819577,13003371,16383,-h
29819577,13003375,16383,-h
29819577,13003376,16383,-h
29819577,13003377,16383,+y -h
29819577,13003379,16385,-h
29819577,13003380,16385,+y -h
29819577,13003380,16386,+y
29819577,13003380,16388,+y
29819577,13003380,16389,+y
29819577,13003381,16387,+y +h -h
29819577,13003381,16390,+y -h
29819577,13003381,16391,+y
29819577,13003381,16392,+y
29819577,13003381,16393,+y
29819578,13003349,16383,-h
29819578,13003350,16383,-h
29819578,13003351,16383,-h
29819578,13003352,16383,-h
29819578,13003353,16383,-h
29819578,13003354,16383,-h
29819578,13003358,16383,+x +y -h
29819578,13003358,16384,+x +y
29819578,13003367,16383,-y -h
29819578,13003367,16384,-y
29819578,13003367,16385,-y
29819578,13003368,16383,-h
29819578,13003369,16383,-h
29819578,13003370,16383,-h
29819578,13003371,16383,-h
29819578,13003376,16383,-h
29819578,13003377,16383,+y -h
29819578,13003377,16384,+y
29819578,13003378,16385,-h
29819578,13003379,16385,-h
29819578,13003380,16385,+y -h
29819578,13003380,16386,+y
29819578,13003380,16388,+y
29819578,13003380,16389,+y
29819578,13003381,16387,+y +h -h
29819578,13003381,16390,+y -h
29819578,13003381,16391,+y
29819578,13003381,16392,+y
29819578,13003381,16393,+y
29819579,13003351,16383,-h
29819579,13003352,16383,-h
29819579,13003353,16383,-h
29819579,13003367,16383,-y -h
29819579,13003367,16384,-y
29819579,13003367,16385,-y
29819579,13003368,16383,-h
29819579,13003369,16383,-h
29819579,13003370,16383,-h
29819579,13003375,16383,-h
29819579,13003376,16383,-h
29819579,13003377,16383,+y -h
29819579,13003377,16384,+y
29819579,13003378,16385,-h
29819579,13003379,16385,-h
29819579,13003380,16385,+y -h
29819579,13003380,16386,+y
29819579,13003380,16388,+y
29819579,13003380,16389,+y
29819579,13003381,16387,+y +h -h
29819579,13003381,16390,+y -h
29819579,13003381,16391,+y
29819579,13003381,16392,+y
29819579,13003381,16393,+y
29819580,13003355,16383,+y -h
29819580,13003366,16383,-x -y -h
29819580,13003366,16384,-x -y
29819580,13003366,16385,-x -y
29819580,13003366,16386,-x -y
29819580,13003367,16383,-h
29819580,13003372,16383,-h
29819580,13003373,16383,-h
29819580,13003374,16383,-h
29819580,13003375,16383,-h
29819580,13003376,16383,-h
29819580,13003377,16383,+y -h
29819580,13003377,16384,+y
29819580,13003378,16385,-h
29819580,13003379,16385,-h
29819580,13003380,16385,+y -h
29819580,13003380,16386,+y
29819580,13003380,16388,+y
29819580,13003380,16389,+y
29819580,13003381,16387,+y +h -h
29819580,13003381,16390,+y -h
29819580,13003381,16391,+y
29819580,13003381,16392,+y
29819580,13003381,16393,+y
29819581,13003355,16383,+y -h
29819581,13003368,16383,-h
29819581,13003369,16383,-h
29819581,13003370,16383,-h
29819581,13003371,16383,-h
29819581,13003372,16383,-h
29819581,13003373,16383,-h
29819581,13003374,16383,-h
29819581,13003375,16383,-h
29819581,13003376,16383,-h
29819581,13003377,16383,+y -h
29819581,13003377,16384,+y
29819581,13003378,16385,-h
29819581,13003379,16385,-h
29819581,13003380,16385,+y -h
29819581,13003380,16386,+y
29819581,13003380,16388,+y
29819581,13003380,16389,+y
29819581,13003381,16387,+y +h -h
29819581,13003381,16390,+y -h
29819581,13003381,16391,+y
29819581,13003381,16392,+y
29819581,13003381,16393,+y
29819582,13003345,16383,+x -h
29819582,13003346,16383,+x -h
29819582,13003347,16383,+x -h
29819582,13003348,16383,-h
29819582,13003355,16383,+y -h
29819582,13003358,16383,-x -y -h
29819582,13003358,16384,-x -y
29819582,13003358,16385,-x -y
29819582,13003358,16386,-x -y
29819582,13003359,16383,-x -h
29819582,13003359,16384,-x
29819582,13003359,16385,-x
29819582,13003364,16383,-h
29819582,13003365,16383,-h
29819582,13003366,16383,-h
29819582,13003367,16383,-h
29819582,13003368,16383,-h
29819582,13003369,16383,-h
29819582,13003370,16383,-h
29819582,13003371,16383,-h
29819582,13003372,16383,-h
29819582,13003373,16383,-h
29819582,13003374,16383,-h
29819582,13003375,16383,-h
29819582,13003376,16383,-h
29819582,13003377,16383,+y -h
29819582,13003377,16384,+y
29819582,13003378,16385,-h
29819582,13003379,16385,-h
29819582,13003380,16385,+y -h
29819582,13003380,16386,+y
29819582,13003380,16388,+y
29819582,13003380,16389,+y
29819582,13003381,16387,+y +h -h
29819582,13003381,16390,+y -h
29819582,13003381,16391,+y
29819582,13003381,16392,+y
29819583,13003315,16383,+x -h
29819583,13003316,16383,+x -h
29819583,13003317,16383,+x +y -h
29819583,13003348,16383,-y -h
29819583,13003361,16383,-h
29819583,13003362,16383,-h
29819583,13003363,16383,-h
29819583,13003364,16383,-h
29819583,13003365,16383,-h
29819583,13003366,16383,-h
29819583,13003367,16383,-h
29819583,13003368,16383,-h
29819583,13003369,16383,-h
29819583,13003370,16383,-h
29819583,13003371,16383,-h
29819583,13003372,16383,-h
29819583,13003373,16383,-h
29819583,13003374,16383,-h
29819583,13003375,16383,-h
29819583,13003376,16383,-h
29819583,13003379,16385,-h
29819583,13003380,16385,+y -h
29819583,13003380,16386,+y
29819583,13003380,16388,+y
29819583,13003380,16389,+y
29819583,13003381,16387,+h -h
29819584,13003348,16383,-y -h
29819584,13003357,16383,-h
29819584,13003358,16383,-h
29819584,13003359,16383,-h
29819584,13003360,16383,-h
29819584,13003361,16383,-h
29819584,13003362,16383,-h
29819584,13003363,16383,-h
29819584,13003364,16383,-h
29819584,13003365,16383,-h
29819584,13003366,16383,-h
29819584,13003367,16383,-h
29819584,13003368,16383,-h
29819584,13003369,16383,-h
29819584,13003370,16383,-h
29819584,13003371,16383,-h
29819584,13003372,16383,-h
29819585,13003346,16383,-x -y -h
29819585,13003346,16384,-x -y
29819585,13003346,16385,-x -y
29819585,13003346,16386,-x -y
29819585,13003347,16383,-x -h
29819585,13003347,16384,-x
29819585,13003347,16385,-x
29819585,13003353,16383,-h
29819585,13003354,16383,-h
29819585,13003355,16383,-h
29819585,13003356,16383,-h
29819585,13003357,16383,-h
29819585,13003358,16383,-h
29819585,13003359,16383,-h
29819585,13003360,16383,-h
29819585,13003361,16383,-h
29819585,13003362,16383,-h
29819585,13003363,16383,-h
29819585,13003364,16383,-h
29819585,13003365,16383,-h
29819585,13003366,16383,-h
29819585,13003367,16383,-h
29819585,13003368,16383,-h
29819585,13003374,16383,+x -h
29819585,13003374,16384,+x
29819585,13003374,16385,+x
29819585,13003375,16383,+x +y -h
29819585,13003375,16384,+x +y
29819585,13003375,16385,+x +y
29819585,13003375,16386,+x +y
29819585,13003377,16383,+x -y -h
29819585,13003377,16384,+x -y
29819585,13003377,16385,+x -y
29819585,13003377,16386,+x -y
29819585,13003377,16387,+x -y
29819585,13003377,16388,+x -y
29819586,13003343,16383,-x -y -h
29819586,13003343,16384,-x -y
29819586,13003343,16385,-x -y
29819586,13003343,16386,-x -y
29819586,13003344,16384,-x
29819586,13003344,16385,-x
29819586,13003344,16386,-x
29819586,13003349,16383,-h
29819586,13003350,16383,-h
29819586,13003351,16383,-h
29819586,13003352,16383,-h
29819586,13003353,16383,-h
29819586,13003354,16383,-h
29819586,13003355,16383,-h
29819586,13003356,16383,-h
29819586,13003357,16383,-h
29819586,13003358,16383,-h
29819586,13003359,16383,-h
29819586,13003360,16383,-h
29819586,13003361,16383,-h
29819586,13003362,16383,-h
29819586,13003363,16383,-h
29819586,13003364,16383,-h
29819586,13003371,16383,+x +y -h
29819586,13003371,16384,+x +y
29819586,13003371,16385,+x +y
29819586,13003371,16386,+x +y
29819586,13003378,16384,+x -y
29819586,13003378,16385,+x -y
29819586,13003378,16386,+x -y
29819586,13003378,16387,+x -y
29819586,13003378,16388,+x -y
29819586,13003380,16385,+x
29819586,13003380,16386,+x
29819586,13003380,16387,+x
29819586,13003380,16388,+x
29819586,13003381,16386,+x
29819586,13003381,16387,+x
29819586,13003381,16388,+x +y
29819587,13003280,16383,+x +y -h
29819587,13003285,16383,+x -y -h
29819587,13003339,16383,-x -y +h -h
29819587,13003345,16383,-h
29819587,13003346,16383,-h
29819587,13003347,16383,-h
29819587,13003348,16383,-h
29819587,13003349,16383,-h
29819587,13003350,16383,-h
29819587,13003351,16383,-h
29819587,13003352,16383,-h
29819587,13003353,16383,-h
29819587,13003354,16383,-h
29819587,13003355,16383,-h
29819587,13003356,16383,-h
29819587,13003357,16383,-h
29819587,13003358,16383,-h
29819587,13003359,16383,-h
29819587,13003360,16383,-h
29819587,13003361,16383,-h
29819587,13003362,16383,-h
29819587,13003363,16383,-h
29819587,13003364,16383,-h
29819587,13003379,16384,+x -y
29819587,13003379,16385,+x +y -y
29819587,13003379,16386,+x +y -y
29819587,13003379,16387,+x +y -y
29819587,13003379,16388,+x +y -y
29819588,13003339,16383,+x -y +h -h
29819588,13003339,16386,+x -y -h
29819588,13003342,16383,-h
29819588,13003343,16383,-h
29819588,13003344,16383,-h
29819588,13003345,16383,-h
29819588,13003346,16383,-h
29819588,13003347,16383,-h
29819588,13003348,16383,-h
29819588,13003349,16383,-h
29819588,13003350,16383,-h
29819588,13003351,16383,-h
29819588,13003352,16383,-h
29819588,13003353,16383,-h
29819588,13003354,16383,-h
29819588,13003355,16383,-h
29819588,13003356,16383,-h
29819588,13003357,16383,-h
29819589,13003327,16383,+x -y -h
29819589,13003328,16383,+x -h
29819589,13003342,16383,-h
29819589,13003343,16383,-h
29819589,13003344,16383,-h
29819589,13003345,16383,-h
29819589,13003346,16383,-h
29819589,13003347,16383,-h
29819589,13003348,16383,-h
29819589,13003349,16383,-h
29819589,13003350,16383,-h
29819589,13003351,16383,-h
29819589,13003352,16383,-h
29819589,13003353,16383,-h
29819589,13003379,16384,-x -y
29819589,13003379,16385,-x -y
29819589,13003379,16386,-x -y
29819590,13003342,16383,-h
29819590,13003343,16383,-h
29819590,13003344,16383,-h
29819590,13003345,16383,-h
29819590,13003346,16383,-h
29819590,13003347,16383,-h
29819590,13003348,16383,-h
29819590,13003349,16383,-h
29819590,13003355,16383,+x +h -h
29819590,13003356,16383,+x +y -h
29819590,13003356,16384,+x +y -y
29819590,13003356,16385,+x +y -y +h
29819591,13003333,16383,+x -y -h
29819591,13003336,16383,+y -h
29819591,13003340,16383,-y -h
29819591,13003340,16384,-y
29819591,13003340,16385,-y
29819591,13003342,16383,-h
29819591,13003343,16383,-h
29819591,13003344,16383,-h
29819591,13003345,16383,-h
29819591,13003346,16383,-h
29819591,13003351,16383,+x +y -h
29819591,13003351,16384,+x +y
29819591,13003351,16385,+x +y
29819591,13003375,16383,-x -y -h
29819591,13003375,16384,-x -y
29819591,13003376,16383,-x -h
29819591,13003376,16384,-x
29819591,13003377,16383,-x -h
29819591,13003377,16384,-x
29819591,13003378,16383,-x -h
29819591,13003378,16384,-x
29819592,13003334,16383,+x -y -h
29819592,13003335,16383,+x -h
29819592,13003336,16383,+x +y -h
29819592,13003340,16383,+x -y -h
29819592,13003340,16384,+x -y
29819592,13003340,16385,+x -y
29819592,13003342,16383,-h
29819592,13003343,16383,-h
29819592,13003344,16383,-h
29819592,13003345,16383,-h
29819592,13003346,16383,-h
29819592,13003349,16383,+y -h
29819592,13003375,16383,+x -y -h
29819592,13003375,16384,+x -y
29819592,13003378,16383,-h
29819592,13003379,16383,-h
29819592,13003380,16383,-h
29819593,13003342,16383,-h
29819593,13003343,16383,-h
29819593,13003344,16383,-h
29819593,13003349,16383,+y -h
29819593,13003377,16383,-h
29819593,13003378,16383,-h
29819593,13003379,16383,-h
29819593,13003380,16383,-h
29819594,13003302,16383,-y -h
29819594,13003303,16383,-h
29819594,13003341,16383,-y -h
29819594,13003349,16383,+y -h
29819594,13003376,16383,-y -h
29819594,13003376,16384,-y
29819594,13003377,16383,-h
29819594,13003378,16383,-h
29819594,13003379,16383,-h
29819594,13003380,16383,-h
29819594,13003381,16383,-h
29819595,13003287,16383,+x -y -h
29819595,13003287,16384,+x -y
29819595,13003288,16383,-h
29819595,13003289,16383,-h
29819595,13003290,16383,-h
29819595,13003291,16383,-h
29819595,13003293,16383,-h
29819595,13003294,16383,+x -h
29819595,13003295,16383,+x -h
29819595,13003296,16383,+x -h
29819595,13003301,16383,+x -x -h
29819595,13003302,16383,+x -h
29819595,13003303,16383,+x -h
29819595,13003304,16383,-h
29819595,13003327,16383,-x +y -y -h
29819595,13003341,16383,-y -h
29819595,13003349,16383,+y -h
29819595,13003376,16383,-y -h
29819595,13003376,16384,-y
29819595,13003377,16383,-h
29819595,13003378,16383,-h
29819595,13003379,16383,-h
29819595,13003380,16383,-h
29819595,13003381,16383,-h
29819596,13003288,16383,+x -y -h
29819596,13003288,16384,+x -y
29819596,13003289,16383,+x -h
29819596,13003290,16383,+x -h
29819596,13003291,16383,+x -h
29819596,13003292,16383,+x -h
29819596,13003293,16383,+x +y -h
29819596,13003304,16383,-y -h
29819596,13003327,16383,-y -h
29819596,13003328,16383,-x +y -h
29819596,13003341,16383,-y -h
29819596,13003342,16383,-h
29819596,13003349,16383,-h
29819596,13003350,16383,-x +y -h
29819596,13003375,16383,-x -y -h
29819596,13003375,16384,-x -y
29819596,13003376,16383,-h
29819596,13003377,16383,-h
29819596,13003378,16383,-h
29819596,13003379,16383,-h
29819596,13003380,16383,-h
29819596,13003381,16383,-h
29819597,13003304,16383,-y -h
29819597,13003326,16383,-x -y -h
29819597,13003326,16384,-x -y
29819597,13003327,16383,-h
29819597,13003328,16383,-h
29819597,13003329,16383,-x +y -h
29819597,13003329,16384,-x +y
29819597,13003341,16383,+x -y -h
29819597,13003342,16383,-h
29819597,13003350,16383,+y -h
29819597,13003374,16383,-x -y -h
29819597,13003374,16384,-x -y
29819597,13003375,16383,-h
29819597,13003376,16383,-h
29819597,13003377,16383,-h
29819597,13003378,16383,-h
29819597,13003379,16383,-h
29819597,13003380,16383,-h
29819598,13003326,16383,-y -h
29819598,13003326,16384,-y
29819598,13003327,16383,-h
29819598,13003329,16383,-h
29819598,13003330,16383,-x -h
29819598,13003331,16383,-x +y -h
29819598,13003331,16384,-x +y
29819598,13003342,16383,-y -h
29819598,13003343,16383,-h
29819598,13003350,16383,+y -h
29819598,13003374,16383,-y -h
29819598,13003374,16384,-y
29819598,13003375,16383,-h
29819598,13003376,16383,-h
29819598,13003377,16383,-h
29819598,13003378,16383,-h
29819598,13003379,16383,-h
29819598,13003380,16383,-h
29819599,13003273,16383,-x -y -h
29819599,13003304,16383,-h
29819599,13003305,16383,-h
29819599,13003306,16383,-h
29819599,13003307,16383,-h
29819599,13003308,16383,-h
29819599,13003326,16383,-y -h
29819599,13003326,16384,-y
29819599,13003331,16383,+y -h
29819599,13003342,16383,-y -h
29819599,13003343,16383,-h
29819599,13003350,16383,+y -h
29819599,13003371,16383,-x +y -y -h
29819599,13003373,16384,-x -h
29819599,13003374,16383,-y -h
29819599,13003375,16383,-h
29819599,13003376,16383,-h
29819599,13003377,16383,-h
29819599,13003378,16383,-h
29819599,13003379,16383,-h
29819599,13003380,16383,-h
29819599,13003381,16383,-h
29819599,13003382,16383,-h
29819599,13003383,16383,-h
29819599,13003386,16389,+y
29819599,13003386,16390,+y
29819599,13003386,16391,+y
29819599,13003386,16392,+y
29819600,13003273,16383,+x -y -h
29819600,13003300,16383,-h
29819600,13003301,16383,-h
29819600,13003302,16383,-h
29819600,13003303,16383,-h
29819600,13003304,16383,-h
29819600,13003305,16383,-h
29819600,13003306,16383,-h
29819600,13003307,16383,-h
29819600,13003308,16383,-h
29819600,13003309,16383,-h
29819600,13003325,16383,-x -y -h
29819600,13003342,16383,+x -y -h
29819600,13003343,16383,-h
29819600,13003350,16383,-h
29819600,13003351,16383,-x +y -h
29819600,13003371,16383,+y -y -h
29819600,13003374,16383,-y -h
29819600,13003375,16383,-h
29819600,13003376,16383,-h
29819600,13003377,16383,-h
29819600,13003378,16383,-h
29819600,13003379,16383,-h
29819600,13003380,16383,-h
29819600,13003381,16383,-h
29819600,13003382,16383,-h
29819600,13003383,16383,-h
29819600,13003386,16389,+y
29819600,13003386,16390,+y
29819600,13003386,16391,+y
29819600,13003386,16392,+y
29819601,13003296,16383,-h
29819601,13003297,16383,-h
29819601,13003298,16383,-h
29819601,13003299,16383,-h
29819601,13003300,16383,-h
29819601,13003301,16383,-h
29819601,13003302,16383,-h
29819601,13003303,16383,-h
29819601,13003304,16383,-h
29819601,13003305,16383,-h
29819601,13003306,16383,-h
29819601,13003307,16383,-h
29819601,13003308,16383,-h
29819601,13003309,16383,-h
29819601,13003325,16383,-y -h
29819601,13003326,16383,-h
29819601,13003327,16383,+x -h
29819601,13003328,16383,+x -h
29819601,13003329,16383,+x -h
29819601,13003330,16383,+x -h
29819601,13003343,16383,-y -h
29819601,13003351,16383,+y -h
29819601,13003374,16383,-y -h
29819601,13003375,16383,-h
29819601,13003376,16383,-h
29819601,13003378,16383,-h
29819601,13003379,16383,-h
29819601,13003380,16383,-h
29819601,13003381,16383,-h
29819601,13003382,16383,-h
29819601,13003383,16383,-h
29819601,13003384,16383,-h
29819601,13003386,16389,+y
29819601,13003386,16390,+y
29819601,13003386,16391,+y
29819601,13003386,16392,+y
29819602,13003291,16383,-h
29819602,13003292,16383,-h
29819602,13003293,16383,-h
29819602,13003294,16383,-h
29819602,13003295,16383,-h
29819602,13003296,16383,-h
29819602,13003297,16383,-h
29819602,13003298,16383,-h
29819602,13003299,16383,-h
29819602,13003300,16383,-h
29819602,13003301,16383,-h
29819602,13003302,16383,-h
29819602,13003303,16383,-h
29819602,13003304,16383,-h
29819602,13003305,16383,-h
29819602,13003306,16383,-h
29819602,13003307,16383,-h
29819602,13003308,16383,-h
29819602,13003309,16383,-h
29819602,13003325,16383,+x -y -h
29819602,13003325,16384,+x -y
29819602,13003326,16383,+x +y -h
29819602,13003326,16384,+x +y
29819602,13003343,16383,-y -h
29819602,13003371,16383,+y -y -h
29819602,13003374,16383,-y -h
29819602,13003378,16383,-h
29819602,13003379,16383,-h
29819602,13003380,16383,-h
29819602,13003381,16383,-h
29819602,13003382,16383,-h
29819602,13003383,16383,-h
29819602,13003384,16383,-h
29819602,13003386,16390,+y
29819602,13003386,16391,+y
29819602,13003386,16392,+y
29819603,13003271,16383,-x +y -h
29819603,13003288,16383,-h
29819603,13003289,16383,-h
29819603,13003290,16383,-h
29819603,13003291,16383,-h
29819603,13003292,16383,-h
29819603,13003293,16383,-h
29819603,13003294,16383,-h
29819603,13003295,16383,-h
29819603,13003296,16383,-h
29819603,13003297,16383,-h
29819603,13003298,16383,-h
29819603,13003299,16383,-h
29819603,13003300,16383,-h
29819603,13003301,16383,-h
29819603,13003302,16383,-h
29819603,13003303,16383,-h
29819603,13003304,16383,-h
29819603,13003305,16383,-h
29819603,13003306,16383,-h
29819603,13003307,16383,-h
29819603,13003308,16383,-h
29819603,13003309,16383,-h
29819603,13003371,16383,+x +y -y -h
29819603,13003374,16383,+x -y -h
29819603,13003378,16383,-h
29819603,13003379,16383,-h
29819603,13003380,16383,-h
29819603,13003381,16383,-h
29819603,13003382,16383,-h
29819603,13003383,16383,-h
29819603,13003384,16383,-h
29819603,13003386,16390,+y
29819603,13003386,16391,+y
29819603,13003386,16392,+y
29819604,13003271,16383,+y -h
29819604,13003284,16383,-h
29819604,13003285,16383,-h
29819604,13003286,16383,-h
29819604,13003287,16383,-h
29819604,13003288,16383,-h
29819604,13003289,16383,-h
29819604,13003290,16383,-h
29819604,13003291,16383,-h
29819604,13003292,16383,-h
29819604,13003293,16383,-h
29819604,13003294,16383,-h
29819604,13003295,16383,-h
29819604,13003296,16383,-h
29819604,13003297,16383,-h
29819604,13003298,16383,-h
29819604,13003299,16383,-h
29819604,13003300,16383,-h
29819604,13003301,16383,-h
29819604,13003302,16383,-h
29819604,13003303,16383,-h
29819604,13003304,16383,-h
29819604,13003305,16383,-h
29819604,13003306,16383,-h
29819604,13003307,16383,-h
29819604,13003308,16383,-h
29819604,13003309,16383,-h
29819604,13003339,16383,-x -y +h -h
29819604,13003339,16386,-x -y -h
29819604,13003339,16387,-x -y
29819604,13003340,16383,-x -h
29819604,13003340,16384,-x -y
29819604,13003340,16385,-x -y
29819604,13003340,16386,-x
29819604,13003340,16387,-x
29819604,13003341,16384,-x
29819604,13003341,16385,-x
29819604,13003341,16386,-x
29819604,13003341,16387,-x
29819604,13003346,16383,-h
29819604,13003347,16383,-h
29819604,13003348,16383,-h
29819604,13003349,16383,-h
29819604,13003350,16383,-h
29819604,13003352,16383,-x +y -h
29819604,13003352,16384,-x +y
29819604,13003352,16385,-x +y
29819604,13003352,16386,-x +y
29819604,13003352,16387,-x +y
29819604,13003375,16383,+x -y -h
29819604,13003379,16383,-h
29819604,13003380,16383,-h
29819604,13003381,16383,-h
29819604,13003382,16383,-h
29819604,13003383,16383,-h
29819604,13003384,16383,-h
29819604,13003386,16390,+y
29819604,13003386,16391,+y
29819604,13003386,16392,+y
29819604,13003387,16389,+y +h
29819605,13003268,16383,+x -y -h
29819605,13003269,16383,+x -h
29819605,13003280,16383,-h
29819605,13003281,16383,-h
29819605,13003282,16383,-h
29819605,13003283,16383,-h
29819605,13003284,16383,-h
29819605,13003285,16383,-h
29819605,13003286,16383,-h
29819605,13003287,16383,-h
29819605,13003288,16383,-h
29819605,13003289,16383,-h
29819605,13003290,16383,-h
29819605,13003291,16383,-h
29819605,13003292,16383,-h
29819605,13003293,16383,-h
29819605,13003294,16383,-h
29819605,13003295,16383,-h
29819605,13003296,16383,-h
29819605,13003297,16383,-h
29819605,13003298,16383,-h
29819605,13003299,16383,-h
29819605,13003300,16383,-h
29819605,13003301,16383,-h
29819605,13003302,16383,-h
29819605,13003303,16383,-h
29819605,13003304,16383,-h
29819605,13003305,16383,-h
29819605,13003306,16383,-h
29819605,13003307,16383,-h
29819605,13003308,16383,-h
29819605,13003309,16383,-h
29819605,13003310,16383,-h
29819605,13003311,16383,-h
29819605,13003312,16383,-h
29819605,13003313,16383,-h
29819605,13003314,16383,-h
29819605,13003336,16384,-x -y
29819605,13003336,16385,-x +y -y +h
29819605,13003342,16383,-h
29819605,13003343,16383,-h
29819605,13003344,16383,-h
29819605,13003345,16383,-h
29819605,13003346,16383,-h
29819605,13003347,16383,-h
29819605,13003348,16383,-h
29819605,13003349,16383,-h
29819605,13003350,16383,-h
29819605,13003352,16383,+y -h
29819605,13003352,16384,+y
29819605,13003352,16385,+y
29819605,13003352,16386,+y
29819605,13003352,16387,+y
29819605,13003379,16383,-h
29819605,13003380,16383,-h
29819605,13003381,16383,-h
29819605,13003382,16383,-h
29819605,13003383,16383,-h
29819605,13003384,16383,-h
29819605,13003386,16390,+y
29819605,13003386,16391,+y
29819605,13003387,16389,+y +h
29819605,13003388,16388,+y +h
29819606,13003277,16383,-h
29819606,13003278,16383,-h
29819606,13003279,16383,-h
29819606,13003280,16383,-h
29819606,13003281,16383,-h
29819606,13003282,16383,-h
29819606,13003283,16383,-h
29819606,13003284,16383,-h
29819606,13003285,16383,-h
29819606,13003286,16383,-h
29819606,13003287,16383,-h
29819606,13003288,16383,-h
29819606,13003289,16383,-h
29819606,13003290,16383,-h
29819606,13003291,16383,-h
29819606,13003292,16383,-h
29819606,13003293,16383,-h
29819606,13003294,16383,-h
29819606,13003295,16383,-h
29819606,13003296,16383,-h
29819606,13003297,16383,-h
29819606,13003298,16383,-h
29819606,13003299,16383,-h
29819606,13003300,16383,-h
29819606,13003301,16383,-h
29819606,13003302,16383,-h
29819606,13003303,16383,-h
29819606,13003304,16383,-h
29819606,13003305,16383,-h
29819606,13003306,16383,-h
29819606,13003307,16383,-h
29819606,13003308,16383,-h
29819606,13003309,16383,-h
29819606,13003310,16383,-h
29819606,13003311,16383,-h
29819606,13003312,16383,-h
29819606,13003313,16383,-h
29819606,13003314,16383,-h
29819606,13003331,16383,-x -y -h
29819606,13003331,16384,-x -y
29819606,13003331,16385,-x -y +h
29819606,13003332,16384,-x
29819606,13003332,16385,-x +h
29819606,13003338,16383,-h
29819606,13003339,16383,-h
29819606,13003340,16383,-h
29819606,13003341,16383,-h
29819606,13003342,16383,-h
29819606,13003343,16383,-h
29819606,13003344,16383,-h
29819606,13003345,16383,-h
29819606,13003346,16383,-h
29819606,13003347,16383,-h
29819606,13003348,16383,-h
29819606,13003349,16383,-h
29819606,13003350,16383,-h
29819606,13003352,16384,+y
29819606,13003352,16385,+y
29819606,13003352,16386,+y
29819606,13003352,16387,+y
29819606,13003379,16383,-h
29819606,13003380,16383,-h
29819606,13003381,16383,-h
29819606,13003382,16383,-h
29819606,13003386,16390,+y
29819606,13003386,16391,+y
29819606,13003387,16389,+y +h
29819606,13003388,16387,+y
29819606,13003388,16388,+y +h
29819607,13003273,16383,-h
29819607,13003274,16383,-h
29819607,13003275,16383,-h
29819607,13003276,16383,-h
29819607,13003277,16383,-h
29819607,13003278,16383,-h
29819607,13003279,16383,-h
29819607,13003280,16383,-h
29819607,13003281,16383,-h
29819607,13003282,16383,-h
29819607,13003283,16383,-h
29819607,13003284,16383,-h
29819607,13003285,16383,-h
29819607,13003286,16383,-h
29819607,13003287,16383,-h
29819607,13003288,16383,-h
29819607,13003289,16383,-h
29819607,13003290,16383,-h
29819607,13003291,16383,-h
29819607,13003292,16383,-h
29819607,13003293,16383,-h
29819607,13003294,16383,-h
29819607,13003295,16383,-h
29819607,13003296,16383,-h
29819607,13003297,16383,-h
29819607,13003298,16383,-h
29819607,13003299,16383,-h
29819607,13003300,16383,-h
29819607,13003301,16383,-h
29819607,13003302,16383,-h
29819607,13003303,16383,-h
29819607,13003304,16383,-h
29819607,13003305,16383,-h
29819607,13003306,16383,-h
29819607,13003307,16383,-h
29819607,13003308,16383,-h
29819607,13003309,16383,-h
29819607,13003310,16383,-h
29819607,13003311,16383,-h
29819607,13003312,16383,-h
29819607,13003313,16383,-h
29819607,13003314,16383,-h
29819607,13003327,16383,-x -y -h
29819607,13003327,16384,-x -y
29819607,13003327,16385,-x -y +h
29819607,13003328,16385,-x
29819607,13003328,16386,-x -y +h
29819607,13003333,16383,-h
29819607,13003334,16383,-h
29819607,13003335,16383,-h
29819607,13003336,16383,-h
29819607,13003337,16383,-h
29819607,13003338,16383,-h
29819607,13003339,16383,-h
29819607,13003340,16383,-h
29819607,13003341,16383,-h
29819607,13003342,16383,-h
29819607,13003343,16383,-h
29819607,13003344,16383,-h
29819607,13003345,16383,-h
29819607,13003346,16383,-h
29819607,13003347,16383,-h
29819607,13003348,16383,-h
29819607,13003349,16383,-h
29819607,13003350,16383,-h
29819607,13003376,16383,+x -y -h
29819607,13003386,16390,+y
29819607,13003386,16391,+y
29819607,13003387,16389,+y +h
29819607,13003388,16387,+y
29819607,13003388,16388,+y +h
29819608,13003273,16383,-h
29819608,13003274,16383,-h
29819608,13003275,16383,-h
29819608,13003276,16383,-h
29819608,13003277,16383,-h
29819608,13003278,16383,-h
29819608,13003279,16383,-h
29819608,13003280,16383,-h
29819608,13003281,16383,-h
29819608,13003282,16383,-h
29819608,13003283,16383,-h
29819608,13003284,16383,-h
29819608,13003285,16383,-h
29819608,13003286,16383,-h
29819608,13003287,16383,-h
29819608,13003288,16383,-h
29819608,13003289,16383,-h
29819608,13003290,16383,-h
29819608,13003291,16383,-h
29819608,13003292,16383,-h
29819608,13003293,16383,-h
29819608,13003294,16383,-h
29819608,13003295,16383,-h
29819608,13003296,16383,-h
29819608,13003297,16383,-h
29819608,13003298,16383,-h
29819608,13003299,16383,-h
29819608,13003300,16383,-h
29819608,13003301,16383,-h
29819608,13003302,16383,-h
29819608,13003303,16383,-h
29819608,13003304,16383,-h
29819608,13003305,16383,-h
29819608,13003306,16383,-h
29819608,13003307,16383,-h
29819608,13003308,16383,-h
29819608,13003309,16383,-h
29819608,13003310,16383,-h
29819608,13003311,16383,-h
29819608,13003312,16383,-h
29819608,13003313,16383,-h
29819608,13003314,16383,-h
29819608,13003315,16383,-h
29819608,13003323,16383,-x -y -h
29819608,13003323,16384,-x -y
29819608,13003323,16385,-x -y
29819608,13003323,16386,-x -y +h
29819608,13003324,16385,-x
29819608,13003324,16386,-x +h
29819608,13003329,16383,-h
29819608,13003330,16383,-h
29819608,13003331,16383,-h
29819608,13003332,16383,-h
29819608,13003333,16383,-h
29819608,13003334,16383,-h
29819608,13003335,16383,-h
29819608,13003336,16383,-h
29819608,13003337,16383,-h
29819608,13003338,16383,-h
29819608,13003339,16383,-h
29819608,13003340,16383,-h
29819608,13003341,16383,-h
29819608,13003342,16383,-h
29819608,13003343,16383,-h
29819608,13003344,16383,-h
29819608,13003345,16383,-h
29819608,13003346,16383,-h
29819608,13003347,16383,-h
29819608,13003348,16383,-h
29819608,13003349,16383,-h
29819608,13003350,16383,-h
29819608,13003386,16390,+y
29819608,13003386,16391,+y
29819608,13003387,16389,+y +h
29819608,13003388,16387,+y
29819608,13003388,16388,+y +h
29819609,13003273,16383,-h
29819609,13003274,16383,-h
29819609,13003275,16383,-h
29819609,13003276,16383,-h
29819609,13003277,16383,-h
29819609,13003278,16383,-h
29819609,13003279,16383,-h
29819609,13003280,16383,-h
29819609,13003281,16383,-h
29819609,13003282,16383,-h
29819609,13003283,16383,-h
29819609,13003284,16383,-h
29819609,13003285,16383,-h
29819609,13003286,16383,-h
29819609,13003287,16383,-h
29819609,13003288,16383,-h
29819609,13003289,16383,-h
29819609,13003290,16383,-h
29819609,13003291,16383,-h
29819609,13003292,16383,-h
29819609,13003293,16383,-h
29819609,13003294,16383,-h
29819609,13003295,16383,-h
29819609,13003296,16383,-h
29819609,13003297,16383,-h
29819609,13003298,16383,-h
29819609,13003299,16383,-h
29819609,13003300,16383,-h
29819609,13003301,16383,-h
29819609,13003302,16383,-h
29819609,13003303,16383,-h
29819609,13003304,16383,-h
29819609,13003305,16383,-h
29819609,13003306,16383,-h
29819609,13003307,16383,-h
29819609,13003308,16383,-h
29819609,13003309,16383,-h
29819609,13003310,16383,-h
29819609,13003311,16383,-h
29819609,13003312,16383,-h
29819609,13003313,16383,-h
29819609,13003314,16383,-h
29819609,13003315,16383,-h
29819609,13003319,16383,-x -y -h
29819609,13003319,16384,-x -y
29819609,13003319,16385,-x -y +h
29819609,13003320,16384,-x
29819609,13003320,16385,-x +h
29819609,13003325,16383,-h
29819609,13003326,16383,-h
29819609,13003327,16383,-h
29819609,13003328,16383,-h
29819609,13003329,16383,-h
29819609,13003330,16383,-h
29819609,13003331,16383,-h
29819609,13003332,16383,-h
29819609,13003333,16383,-h
29819609,13003334,16383,-h
29819609,13003335,16383,-h
29819609,13003336,16383,-h
29819609,13003337,16383,-h
29819609,13003338,16383,-h
29819609,13003339,16383,-h
29819609,13003340,16383,-h
29819609,13003341,16383,-h
29819609,13003342,16383,-h
29819609,13003343,16383,-h
29819609,13003344,16383,-h
29819609,13003345,16383,-h
29819609,13003346,16383,-h
29819609,13003386,16390,+y
29819609,13003386,16391,+y
29819609,13003387,16389,+y +h
29819609,13003388,16388,+y +h
29819610,13003273,16383,-h
29819610,13003274,16383,-h
29819610,13003275,16383,-h
29819610,13003276,16383,-h
29819610,13003277,16383,-h
29819610,13003278,16383,-h
29819610,13003279,16383,-h
29819610,13003280,16383,-h
29819610,13003281,16383,-h
29819610,13003282,16383,-h
29819610,13003283,16383,-h
29819610,13003284,16383,-h
29819610,13003285,16383,-h
29819610,13003286,16383,-h
29819610,13003287,16383,-h
29819610,13003288,16383,-h
29819610,13003289,16383,-h
29819610,13003290,16383,-h
29819610,13003291,16383,-h
29819610,13003292,16383,-h
29819610,13003293,16383,-h
29819610,13003294,16383,-h
29819610,13003295,16383,-h
29819610,13003296,16383,-h
29819610,13003297,16383,-h
29819610,13003298,16383,-h
29819610,13003299,16383,-h
29819610,13003300,16383,-h
29819610,13003301,16383,-h
29819610,13003302,16383,-h
29819610,13003303,16383,-h
29819610,13003304,16383,-h
29819610,13003305,16383,-h
29819610,13003306,16383,-h
29819610,13003307,16383,-h
29819610,13003308,16383,-h
29819610,13003309,16383,-h
29819610,13003310,16383,-h
29819610,13003311,16383,-h
29819610,13003312,16383,-h
29819610,13003313,16383,-h
29819610,13003314,16383,-h
29819610,13003315,16383,-h
29819610,13003321,16383,-h
29819610,13003322,16383,-h
29819610,13003323,16383,-h
29819610,13003324,16383,-h
29819610,13003325,16383,-h
29819610,13003326,16383,-h
29819610,13003327,16383,-h
29819610,13003328,16383,-h
29819610,13003329,16383,-h
29819610,13003330,16383,-h
29819610,13003331,16383,-h
29819610,13003332,16383,-h
29819610,13003333,16383,-h
29819610,13003334,16383,-h
29819610,13003335,16383,-h
29819610,13003336,16383,-h
29819610,13003337,16383,-h
29819610,13003338,16383,-h
29819610,13003339,16383,-h
29819610,13003340,16383,-h
29819610,13003341,16383,-h
29819610,13003342,16383,-h
29819611,13003273,16383,-h
29819611,13003274,16383,-h
29819611,13003275,16383,-h
29819611,13003276,16383,-h
29819611,13003277,16383,-h
29819611,13003278,16383,-h
29819611,13003279,16383,-h
29819611,13003280,16383,-h
29819611,13003281,16383,-h
29819611,13003282,16383,-h
29819611,13003283,16383,-h
29819611,13003284,16383,-h
29819611,13003285,16383,-h
29819611,13003286,16383,-h
29819611,13003287,16383,-h
29819611,13003288,16383,-h
29819611,13003289,16383,-h
29819611,13003290,16383,-h
29819611,13003291,16383,-h
29819611,13003292,16383,-h
29819611,13003293,16383,-h
29819611,13003294,16383,-h
29819611,13003295,16383,-h
29819611,13003296,16383,-h
29819611,13003297,16383,-h
29819611,13003298,16383,-h
29819611,13003299,16383,-h
29819611,13003300,16383,-h
29819611,13003301,16383,-h
29819611,13003301,16391,-x +y +h
29819611,13003302,16383,-h
29819611,13003303,16383,-h
29819611,13003304,16383,-h
29819611,13003305,16383,-h
29819611,13003306,16383,-h
29819611,13003307,16383,-h
29819611,13003308,16383,-h
29819611,13003309,16383,-h
29819611,13003310,16383,-h
29819611,13003311,16383,-h
29819611,13003312,16383,-h
29819611,13003313,16383,-h
29819611,13003314,16383,-h
29819611,13003315,16383,-h
29819611,13003318,16383,-h
29819611,13003319,16383,-h
29819611,13003320,16383,-h
29819611,13003321,16383,-h
29819611,13003322,16383,-h
29819611,13003323,16383,-h
29819611,13003324,16383,-h
29819611,13003325,16383,-h
29819611,13003326,16383,-h
29819611,13003327,16383,-h
29819611,13003328,16383,-h
29819611,13003329,16383,-h
29819611,13003330,16383,-h
29819611,13003331,16383,-h
29819611,13003332,16383,-h
29819611,13003333,16383,-h
29819611,13003334,16383,-h
29819611,13003335,16383,-h
29819611,13003336,16383,-h
29819611,13003337,16383,-h
29819611,13003338,16383,-h
29819611,13003344,16383,+x +y +h -h
29819611,13003375,16383,-x -y -h
29819611,13003380,16383,-h
29819611,13003381,16383,-h
29819611,13003382,16383,-h
29819611,13003388,16385,+x +y
29819611,13003388,16386,+x +y
29819611,13003388,16387,+x +y
29819611,13003388,16388,+x +y
29819611,13003388,16389,+x +y
29819612,13003274,16383,-h
29819612,13003275,16383,-h
29819612,13003276,16383,-h
29819612,13003277,16383,-h
29819612,13003278,16383,-h
29819612,13003279,16383,-h
29819612,13003280,16383,-h
29819612,13003281,16383,-h
29819612,13003282,16383,-h
29819612,13003283,16383,-h
29819612,13003284,16383,-h
29819612,13003285,16383,-h
29819612,13003286,16383,-h
29819612,13003287,16383,-h
29819612,13003288,16383,-h
29819612,13003289,16383,-h
29819612,13003290,16383,-h
29819612,13003291,16383,-h
29819612,13003292,16383,-h
29819612,13003293,16383,-h
29819612,13003294,16383,-h
29819612,13003295,16383,-h
29819612,13003296,16383,-h
29819612,13003297,16383,-h
29819612,13003298,16383,-h
29819612,13003299,16383,-h
29819612,13003300,16383,-h
29819612,13003301,16383,-h
29819612,13003301,16391,+y +h
29819612,13003302,16383,-h
29819612,13003303,16383,-h
29819612,13003304,16383,-h
29819612,13003305,16383,-h
29819612,13003306,16383,-h
29819612,13003307,16383,-h
29819612,13003308,16383,-h
29819612,13003309,16383,-h
29819612,13003310,16383,-h
29819612,13003311,16383,-h
29819612,13003312,16383,-h
29819612,13003313,16383,-h
29819612,13003314,16383,-h
29819612,13003315,16383,-h
29819612,13003316,16383,-h
29819612,13003317,16383,-h
29819612,13003318,16383,-h
29819612,13003319,16383,-h
29819612,13003320,16383,-h
29819612,13003321,16383,-h
29819612,13003322,16383,-h
29819612,13003323,16383,-h
29819612,13003324,16383,-h
29819612,13003325,16383,-h
29819612,13003326,16383,-h
29819612,13003327,16383,-h
29819612,13003328,16383,-h
29819612,13003329,16383,-h
29819612,13003330,16383,-h
29819612,13003331,16383,-h
29819612,13003332,16383,-h
29819612,13003333,16383,-h
29819612,13003334,16383,-h
29819612,13003338,16385,+x
29819612,13003338,16386,+x
29819612,13003338,16387,+x +y
29819612,13003339,16384,+x +y
29819612,13003339,16385,+x +y
29819612,13003339,16386,+x +y +h
29819612,13003380,16383,-h
29819612,13003381,16383,-h
29819612,13003382,16383,-h
29819612,13003383,16383,-h
29819612,13003384,16383,-h
29819612,13003385,16383,-h
29819612,13003387,16385,+y
29819612,13003387,16386,+y
29819612,13003387,16387,+y
29819613,13003274,16383,-h
29819613,13003275,16383,-h
29819613,13003276,16383,-h
29819613,13003277,16383,-h
29819613,13003278,16383,-h
29819613,13003279,16383,-h
29819613,13003280,16383,-h
29819613,13003281,16383,-h
29819613,13003282,16383,-h
29819613,13003283,16383,-h
29819613,13003284,16383,-h
29819613,13003285,16383,-h
29819613,13003286,16383,-h
29819613,13003287,16383,-h
29819613,13003288,16383,-h
29819613,13003289,16383,-h
29819613,13003290,16383,-h
29819613,13003291,16383,-h
29819613,13003292,16383,-h
29819613,13003293,16383,-h
29819613,13003294,16383,-h
29819613,13003295,16383,-h
29819613,13003296,16383,-h
29819613,13003297,16383,-h
29819613,13003298,16383,-h
29819613,13003299,16383,-h
29819613,13003300,16383,-h
29819613,13003301,16383,-h
29819613,13003302,16383,-h
29819613,13003303,16383,-h
29819613,13003304,16383,-h
29819613,13003305,16383,-h
29819613,13003306,16383,-h
29819613,13003307,16383,-h
29819613,13003308,16383,-h
29819613,13003309,16383,-h
29819613,13003310,16383,-h
29819613,13003311,16383,-h
29819613,13003312,16383,-h
29819613,13003313,16383,-h
29819613,13003314,16383,-h
29819613,13003315,16383,-h
29819613,13003316,16383,-h
29819613,13003317,16383,-h
29819613,13003318,16383,-h
29819613,13003319,16383,-h
29819613,13003320,16383,-h
29819613,13003321,16383,-h
29819613,13003322,16383,-h
29819613,13003323,16383,-h
29819613,13003324,16383,-h
29819613,13003325,16383,-h
29819613,13003326,16383,-h
29819613,13003327,16383,-h
29819613,13003328,16383,-h
29819613,13003329,16383,-h
29819613,13003330,16383,-h
29819613,13003334,16385,+x
29819613,13003334,16386,+x
29819613,13003334,16387,+x
29819613,13003335,16384,+x
29819613,13003335,16385,+x
29819613,13003335,16386,+x
29819613,13003335,16387,+x
29819613,13003336,16384,+x +y
29819613,13003336,16385,+x +y
29819613,13003336,16386,+x +y
29819613,13003336,16387,+x +y
29819613,13003380,16383,-h
29819613,13003381,16383,-h
29819613,13003382,16383,-h
29819613,13003383,16383,-h
29819613,13003384,16383,-h
29819613,13003385,16383,-h
29819613,13003386,16383,-h
29819613,13003387,16383,+y -h
29819613,13003387,16384,+y
29819613,13003387,16385,+y
29819613,13003387,16386,+y
29819613,13003387,16387,+y
29819613,13003387,16388,+y
29819614,13003274,16383,-h
29819614,13003275,16383,-h
29819614,13003276,16383,-h
29819614,13003276,16389,-y +h
29819614,13003277,16383,-h
29819614,13003278,16383,-h
29819614,13003279,16383,-h
29819614,13003280,16383,-h
29819614,13003281,16383,-h
29819614,13003282,16383,-h
29819614,13003283,16383,-h
29819614,13003284,16383,-h
29819614,13003285,16383,-h
29819614,13003286,16383,-h
29819614,13003287,16383,-h
29819614,13003288,16383,-h
29819614,13003289,16383,-h
29819614,13003290,16383,-h
29819614,13003291,16383,-h
29819614,13003292,16383,-h
29819614,13003293,16383,-h
29819614,13003294,16383,-h
29819614,13003295,16383,-h
29819614,13003296,16383,-h
29819614,13003297,16383,-h
29819614,13003298,16383,-h
29819614,13003299,16383,-h
29819614,13003300,16383,-h
29819614,13003301,16383,-h
29819614,13003302,16383,-h
29819614,13003303,16383,-h
29819614,13003304,16383,-h
29819614,13003305,16383,-h
29819614,13003306,16383,-h
29819614,13003307,16383,-h
29819614,13003308,16383,-h
29819614,13003309,16383,-h
29819614,13003310,16383,-h
29819614,13003311,16383,-h
29819614,13003312,16383,-h
29819614,13003313,16383,-h
29819614,13003314,16383,-h
29819614,13003315,16383,-h
29819614,13003316,16383,-h
29819614,13003317,16383,-h
29819614,13003318,16383,-h
29819614,13003319,16383,-h
29819614,13003320,16383,-h
29819614,13003321,16383,-h
29819614,13003322,16383,-h
29819614,13003323,16383,-h
29819614,13003324,16383,-h
29819614,13003325,16383,-h
29819614,13003326,16383,-h
29819614,13003327,16383,-h
29819614,13003328,16383,-h
29819614,13003329,16383,-h
29819614,13003330,16383,-h
29819614,13003380,16383,-h
29819614,13003381,16383,-h
29819614,13003382,16383,-h
29819614,13003383,16383,-h
29819614,13003384,16383,-h
29819614,13003385,16383,-h
29819614,13003386,16383,-h
29819614,13003387,16383,+y -h
29819614,13003387,16384,+y
29819614,13003387,16385,+y
29819614,13003387,16386,+y
29819614,13003387,16387,+y
29819614,13003387,16388,+y
29819615,13003275,16383,-h
29819615,13003276,16383,-h
29819615,13003276,16388,+x -y
29819615,13003276,16389,+x -y +h
29819615,13003277,16383,-h
29819615,13003278,16383,-h
29819615,13003279,16383,-h
29819615,13003280,16383,-h
29819615,13003281,16383,-h
29819615,13003282,16383,-h
29819615,13003283,16383,-h
29819615,13003284,16383,-h
29819615,13003285,16383,-h
29819615,13003286,16383,-h
29819615,13003287,16383,-h
29819615,13003288,16383,-h
29819615,13003289,16383,-h
29819615,13003290,16383,-h
29819615,13003291,16383,-h
29819615,13003292,16383,-h
29819615,13003293,16383,-h
29819615,13003294,16383,-h
29819615,13003295,16383,-h
29819615,13003296,16383,-h
29819615,13003297,16383,-h
29819615,13003298,16383,-h
29819615,13003299,16383,-h
29819615,13003300,16383,-h
29819615,13003301,16383,-h
29819615,13003302,16383,-h
29819615,13003303,16383,-h
29819615,13003304,16383,-h
29819615,13003305,16383,-h
29819615,13003306,16383,-h
29819615,13003307,16383,-h
29819615,13003308,16383,-h
29819615,13003309,16383,-h
29819615,13003310,16383,-h
29819615,13003311,16383,-h
29819615,13003312,16383,-h
29819615,13003313,16383,-h
29819615,13003314,16383,-h
29819615,13003315,16383,-h
29819615,13003316,16383,-h
29819615,13003317,16383,-h
29819615,13003318,16383,-h
29819615,13003319,16383,-h
29819615,13003320,16383,-h
29819615,13003321,16383,-h
29819615,13003326,16383,-h
29819615,13003327,16383,-h
29819615,13003328,16383,-h
29819615,13003329,16383,-h
29819615,13003382,16383,-h
29819615,13003383,16383,-h
29819615,13003384,16383,-h
29819615,13003385,16383,-h
29819615,13003386,16383,-h
29819615,13003387,16383,+y -h
29819615,13003387,16384,+y
29819615,13003387,16385,+y
29819615,13003387,16386,+y
29819615,13003387,16387,+y
29819615,13003387,16388,+y
29819616,13003261,16383,-x -y -h
29819616,13003275,16383,-h
29819616,13003276,16383,-h
29819616,13003277,16383,-h
29819616,13003278,16383,-h
29819616,13003279,16383,-h
29819616,13003280,16383,-h
29819616,13003281,16383,-h
29819616,13003282,16383,-h
29819616,13003283,16383,-h
29819616,13003284,16383,-h
29819616,13003285,16383,-h
29819616,13003286,16383,-h
29819616,13003287,16383,-h
29819616,13003288,16383,-h
29819616,13003289,16383,-h
29819616,13003290,16383,-h
29819616,13003291,16383,-h
29819616,13003292,16383,-h
29819616,13003293,16383,-h
29819616,13003294,16383,-h
29819616,13003295,16383,-h
29819616,13003296,16383,-h
29819616,13003297,16383,-h
29819616,13003298,16383,-h
29819616,13003299,16383,-h
29819616,13003300,16383,-h
29819616,13003301,16383,-h
29819616,13003302,16383,-h
29819616,13003303,16383,-h
29819616,13003304,16383,-h
29819616,13003305,16383,-h
29819616,13003306,16383,-h
29819616,13003307,16383,-h
29819616,13003308,16383,-h
29819616,13003309,16383,-h
29819616,13003310,16383,-h
29819616,13003311,16383,-h
29819616,13003312,16383,-h
29819616,13003313,16383,-h
29819616,13003314,16383,-h
29819616,13003315,16383,-h
29819616,13003316,16383,-h
29819616,13003317,16383,-h
29819616,13003318,16383,-h
29819616,13003322,16385,+x
29819616,13003322,16386,+x
29819616,13003322,16387,+x
29819616,13003323,16385,+x
29819616,13003323,16386,+x
29819616,13003323,16387,+x
29819616,13003324,16385,+x
29819616,13003324,16386,+x
29819616,13003324,16387,+x
29819616,13003326,16383,-h
29819616,13003327,16383,-h
29819616,13003328,16383,-h
29819616,13003384,16383,-h
29819616,13003385,16383,-h
29819616,13003386,16383,-h
29819616,13003387,16383,+y -h
29819616,13003387,16384,+y
29819616,13003387,16385,+y
29819616,13003387,16386,+y
29819616,13003387,16387,+y
29819617,13003261,16383,-y -h
29819617,13003266,16383,+y -h
29819617,13003266,16384,+y
29819617,13003275,16383,-h
29819617,13003276,16383,-h
29819617,13003276,16388,+x -x -y
29819617,13003276,16389,+x -x -y +h
29819617,13003277,16383,-h
29819617,13003277,16389,+h
29819617,13003278,16383,-h
29819617,13003279,16383,-h
29819617,13003280,16383,-h
29819617,13003281,16383,-h
29819617,13003282,16383,-h
29819617,13003283,16383,-h
29819617,13003284,16383,-h
29819617,13003285,16383,-h
29819617,13003286,16383,-h
29819617,13003287,16383,-h
29819617,13003288,16383,-h
29819617,13003289,16383,-h
29819617,13003290,16383,-h
29819617,13003291,16383,-h
29819617,13003292,16383,-h
29819617,13003293,16383,-h
29819617,13003294,16383,-h
29819617,13003295,16383,-h
29819617,13003296,16383,-h
29819617,13003297,16383,-h
29819617,13003298,16383,-h
29819617,13003299,16383,-h
29819617,13003300,16383,-h
29819617,13003301,16383,-h
29819617,13003302,16383,-h
29819617,13003303,16383,-h
29819617,13003304,16383,-h
29819617,13003305,16383,-h
29819617,13003306,16383,-h
29819617,13003307,16383,-h
29819617,13003308,16383,-h
29819617,13003309,16383,-h
29819617,13003310,16383,-h
29819617,13003311,16383,-h
29819617,13003312,16383,-h
29819617,13003313,16383,-h
29819617,13003314,16383,-h
29819617,13003319,16384,+x
29819617,13003319,16385,+x
29819617,13003319,16386,+x
29819617,13003319,16387,+x
29819617,13003320,16384,+x +y -h
29819617,13003320,16385,+x +y
29819617,13003320,16386,+x +y
29819617,13003320,16387,+x +y
29819617,13003337,16383,-x +y -h
29819617,13003337,16384,-x +y
29819617,13003385,16383,-h
29819617,13003386,16383,-h
29819617,13003387,16383,+y -h
29819617,13003387,16384,+y
29819617,13003387,16385,+y
29819617,13003387,16386,+y
29819618,13003261,16383,-y -h
29819618,13003265,16383,-h
29819618,13003266,16383,-h
29819618,13003267,16383,-x +y -h
29819618,13003267,16384,-x +y
29819618,13003276,16383,-h
29819618,13003277,16383,-h
29819618,13003277,16388,-y
29819618,13003277,16389,-y +h
29819618,13003278,16383,-h
29819618,13003279,16383,-h
29819618,13003280,16383,-h
29819618,13003281,16383,-h
29819618,13003282,16383,-h
29819618,13003283,16383,-h
29819618,13003284,16383,-h
29819618,13003285,16383,-h
29819618,13003286,16383,-h
29819618,13003287,16383,-h
29819618,13003288,16383,-h
29819618,13003289,16383,-h
29819618,13003290,16383,-h
29819618,13003291,16383,-h
29819618,13003292,16383,-h
29819618,13003293,16383,-h
29819618,13003294,16383,-h
29819618,13003295,16383,-h
29819618,13003296,16383,-h
29819618,13003297,16383,-h
29819618,13003298,16383,-h
29819618,13003299,16383,-h
29819618,13003300,16383,-h
29819618,13003301,16383,-h
29819618,13003302,16383,-h
29819618,13003303,16383,-h
29819618,13003304,16383,-h
29819618,13003305,16383,-h
29819618,13003306,16383,-h
29819618,13003307,16383,-h
29819618,13003308,16383,-h
29819618,13003309,16383,-h
29819618,13003310,16383,-h
29819618,13003311,16383,-h
29819618,13003312,16383,-h
29819618,13003313,16383,-h
29819618,13003315,16385,+x
29819618,13003315,16386,+x +h
29819618,13003316,16383,+x +y -h
29819618,13003316,16384,+x +y
29819618,13003316,16385,+x +y
29819618,13003316,16386,+x +y +h
29819618,13003356,16383,-x +y -y -h
29819618,13003380,16383,-h
29819618,13003381,16383,-h
29819618,13003382,16383,-h
29819618,13003383,16383,-h
29819618,13003386,16383,-h
29819618,13003387,16383,+y -h
29819618,13003387,16384,+y
29819619,13003261,16383,-y -h
29819619,13003262,16383,-h
29819619,13003263,16383,-h
29819619,13003264,16383,-h
29819619,13003265,16383,-h
29819619,13003266,16383,-h
29819619,13003267,16383,+y -h
29819619,13003267,16384,+y
29819619,13003276,16383,-h
29819619,13003277,16383,-h
29819619,13003277,16388,-y
29819619,13003277,16389,-y +h
29819619,13003278,16383,-h
29819619,13003279,16383,-h
29819619,13003280,16383,-h
29819619,13003281,16383,-h
29819619,13003282,16383,-h
29819619,13003283,16383,-h
29819619,13003284,16383,-h
29819619,13003285,16383,-h
29819619,13003286,16383,-h
29819619,13003287,16383,-h
29819619,13003288,16383,-h
29819619,13003289,16383,-h
29819619,13003290,16383,-h
29819619,13003291,16383,-h
29819619,13003292,16383,-h
29819619,13003293,16383,-h
29819619,13003294,16383,-h
29819619,13003295,16383,-h
29819619,13003296,16383,-h
29819619,13003297,16383,-h
29819619,13003298,16383,-h
29819619,13003299,16383,-h
29819619,13003300,16383,-h
29819619,13003301,16383,-h
29819619,13003302,16383,-h
29819619,13003303,16383,-h
29819619,13003304,16383,-h
29819619,13003305,16383,-h
29819619,13003306,16383,-h
29819619,13003307,16383,-h
29819619,13003308,16383,-h
29819619,13003309,16383,-h
29819619,13003310,16383,-h
29819619,13003311,16383,-h
29819619,13003312,16383,-h
29819619,13003313,16383,-h
29819619,13003335,16383,+x -h
29819619,13003336,16383,+x +y -h
29819619,13003380,16383,-h
29819619,13003381,16383,-h
29819619,13003382,16383,-h
29819619,13003383,16383,-h
29819619,13003391,16383,+y -h
29819620,13003261,16383,-y -h
29819620,13003262,16383,-h
29819620,13003263,16383,-h
29819620,13003264,16383,-h
29819620,13003265,16383,-h
29819620,13003266,16383,-h
29819620,13003267,16383,+y -h
29819620,13003267,16384,+y
29819620,13003276,16383,-h
29819620,13003277,16383,-h
29819620,13003277,16388,-y
29819620,13003277,16389,-y +h
29819620,13003278,16383,-h
29819620,13003279,16383,-h
29819620,13003280,16383,-h
29819620,13003281,16383,-h
29819620,13003282,16383,-h
29819620,13003283,16383,-h
29819620,13003284,16383,-h
29819620,13003285,16383,-h
29819620,13003286,16383,-h
29819620,13003287,16383,-h
29819620,13003288,16383,-h
29819620,13003289,16383,-h
29819620,13003290,16383,-h
29819620,13003291,16383,-h
29819620,13003292,16383,-h
29819620,13003293,16383,-h
29819620,13003294,16383,-h
29819620,13003295,16383,-h
29819620,13003296,16383,-h
29819620,13003297,16383,-h
29819620,13003298,16383,-h
29819620,13003299,16383,-h
29819620,13003300,16383,-h
29819620,13003301,16383,-h
29819620,13003302,16383,-h
29819620,13003303,16383,-h
29819620,13003304,16383,-h
29819620,13003305,16383,-h
29819620,13003306,16383,-h
29819620,13003307,16383,-h
29819620,13003308,16383,-h
29819620,13003309,16383,-h
29819620,13003310,16383,-h
29819620,13003311,16383,-h
29819620,13003312,16383,-h
29819620,13003313,16383,-h
29819620,13003314,16383,-h
29819620,13003380,16383,-h
29819620,13003381,16383,-h
29819620,13003382,16383,-h
29819620,13003383,16383,-h
29819620,13003391,16383,+y -h
29819621,13003261,16383,-y -h
29819621,13003262,16383,-h
29819621,13003263,16383,-h
29819621,13003264,16383,-h
29819621,13003265,16383,-h
29819621,13003276,16383,-h
29819621,13003277,16383,-h
29819621,13003277,16387,-y
29819621,13003277,16388,-y
29819621,13003277,16389,-y +h
29819621,13003278,16383,-h
29819621,13003279,16383,-h
29819621,13003280,16383,-h
29819621,13003281,16383,-h
29819621,13003282,16383,-h
29819621,13003283,16383,-h
29819621,13003284,16383,-h
29819621,13003285,16383,-h
29819621,13003286,16383,-h
29819621,13003287,16383,-h
29819621,13003288,16383,-h
29819621,13003289,16383,-h
29819621,13003290,16383,-h
29819621,13003291,16383,-h
29819621,13003292,16383,-h
29819621,13003293,16383,-h
29819621,13003294,16383,-h
29819621,13003295,16383,-h
29819621,13003296,16383,-h
29819621,13003297,16383,-h
29819621,13003298,16383,-h
29819621,13003299,16383,-h
29819621,13003300,16383,-h
29819621,13003301,16383,-h
29819621,13003302,16383,-h
29819621,13003303,16383,-h
29819621,13003304,16383,-h
29819621,13003305,16383,-h
29819621,13003306,16383,-h
29819621,13003307,16383,-h
29819621,13003308,16383,-h
29819621,13003309,16383,-h
29819621,13003310,16383,-h
29819621,13003311,16383,-h
29819621,13003312,16383,-h
29819621,13003313,16383,-h
29819621,13003314,16383,-h
29819621,13003317,16383,-x -h
29819621,13003317,16384,-x
29819621,13003318,16383,-x -h
29819621,13003318,16384,-x
29819621,13003319,16383,-x +y -h
29819621,13003319,16384,-x
29819621,13003320,16384,-x +y -h
29819621,13003325,16383,-h
29819621,13003326,16383,-h
29819621,13003327,16383,-h
29819621,13003391,16383,+y -h
29819622,13003261,16383,-y -h
29819622,13003262,16383,-h
29819622,13003263,16383,-h
29819622,13003264,16383,-h
29819622,13003276,16383,-h
29819622,13003277,16383,-h
29819622,13003277,16387,+x -y
29819622,13003277,16388,+x -y
29819622,13003277,16389,+x -y +h
29819622,13003278,16383,-h
29819622,13003278,16389,+h
29819622,13003279,16383,-h
29819622,13003280,16383,-h
29819622,13003281,16383,-h
29819622,13003282,16383,-h
29819622,13003283,16383,-h
29819622,13003284,16383,-h
29819622,13003285,16383,-h
29819622,13003286,16383,-h
29819622,13003287,16383,-h
29819622,13003288,16383,-h
29819622,13003289,16383,-h
29819622,13003290,16383,-h
29819622,13003291,16383,-h
29819622,13003292,16383,-h
29819622,13003293,16383,-h
29819622,13003294,16383,-h
29819622,13003295,16383,-h
29819622,13003296,16383,-h
29819622,13003297,16383,-h
29819622,13003298,16383,-h
29819622,13003299,16383,-h
29819622,13003300,16383,-h
29819622,13003301,16383,-h
29819622,13003302,16383,-h
29819622,13003303,16383,-h
29819622,13003303,16390,-x +y
29819622,13003303,16391,-x +y
29819622,13003303,16392,-x +y
29819622,13003304,16383,-h
29819622,13003305,16383,-h
29819622,13003306,16383,-h
29819622,13003307,16383,-h
29819622,13003308,16383,-h
29819622,13003309,16383,-h
29819622,13003310,16383,-h
29819622,13003311,16383,-h
29819622,13003312,16383,-h
29819622,13003313,16383,-h
29819622,13003314,16383,-h
29819622,13003317,16383,-h
29819622,13003318,16383,-h
29819622,13003319,16383,+y -h
29819622,13003320,16384,+y -h
29819622,13003325,16383,-h
29819622,13003326,16383,-h
29819622,13003327,16383,-h
29819622,13003391,16383,+y -h
29819623,13003251,16383,-y -h
29819623,13003252,16383,-h
29819623,13003261,16383,-y -h
29819623,13003262,16383,-h
29819623,13003263,16383,-h
29819623,13003264,16383,-h
29819623,13003277,16383,-h
29819623,13003278,16383,-h
29819623,13003278,16388,-y
29819623,13003278,16389,-y +h
29819623,13003279,16383,-h
29819623,13003280,16383,-h
29819623,13003281,16383,-h
29819623,13003282,16383,-h
29819623,13003283,16383,-h
29819623,13003284,16383,-h
29819623,13003285,16383,-h
29819623,13003286,16383,-h
29819623,13003287,16383,-h
29819623,13003288,16383,-h
29819623,13003289,16383,-h
29819623,13003290,16383,-h
29819623,13003291,16383,-h
29819623,13003292,16383,-h
29819623,13003293,16383,-h
29819623,13003294,16383,-h
29819623,13003295,16383,-h
29819623,13003296,16383,-h
29819623,13003297,16383,-h
29819623,13003298,16383,-h
29819623,13003299,16383,-h
29819623,13003300,16383,-h
29819623,13003301,16383,-h
29819623,13003302,16383,-h
29819623,13003303,16383,-h
29819623,13003304,16383,-h
29819623,13003305,16383,-h
29819623,13003306,16383,-h
29819623,13003307,16383,-h
29819623,13003308,16383,-h
29819623,13003309,16383,-h
29819623,13003310,16383,-h
29819623,13003311,16383,-h
29819623,13003312,16383,-h
29819623,13003313,16383,-h
29819623,13003314,16383,-h
29819623,13003319,16383,+y -h
29819623,13003320,16384,+y -h
29819623,13003325,16383,-y -h
29819623,13003325,16384,-y
29819623,13003325,16385,-y
29819623,13003326,16383,-h
29819623,13003327,16383,-h
29819623,13003388,16383,-y -h
29819623,13003391,16383,+y -h
29819624,13003251,16383,-y -h
29819624,13003252,16383,-h
29819624,13003261,16383,-y -h
29819624,13003277,16383,-h
29819624,13003278,16383,-h
29819624,13003278,16388,+x -y
29819624,13003278,16389,+x -y +h
29819624,13003279,16383,-h
29819624,13003280,16383,-h
29819624,13003281,16383,-h
29819624,13003282,16383,-h
29819624,13003283,16383,-h
29819624,13003284,16383,-h
29819624,13003285,16383,-h
29819624,13003286,16383,-h
29819624,13003287,16383,-h
29819624,13003288,16383,-h
29819624,13003289,16383,-h
29819624,13003290,16383,-h
29819624,13003291,16383,-h
29819624,13003292,16383,-h
29819624,13003293,16383,-h
29819624,13003294,16383,-h
29819624,13003295,16383,-h
29819624,13003296,16383,-h
29819624,13003297,16383,-h
29819624,13003298,16383,-h
29819624,13003299,16383,-h
29819624,13003300,16383,-h
29819624,13003301,16383,-h
29819624,13003302,16383,-h
29819624,13003303,16383,-h
29819624,13003304,16383,-h
29819624,13003305,16383,-h
29819624,13003306,16383,-h
29819624,13003307,16383,-h
29819624,13003308,16383,-h
29819624,13003309,16383,-h
29819624,13003310,16383,-h
29819624,13003311,16383,-h
29819624,13003312,16383,-h
29819624,13003313,16383,-h
29819624,13003314,16383,-h
29819624,13003315,16383,-h
29819624,13003318,16383,-h
29819624,13003319,16383,+y -h
29819624,13003320,16384,+y -h
29819624,13003325,16383,-y -h
29819624,13003325,16384,-y
29819624,13003325,16385,-y
29819624,13003388,16383,-y -h
29819624,13003389,16383,-h
29819625,13003251,16383,-y -h
29819625,13003252,16383,-h
29819625,13003261,16383,-y -h
29819625,13003277,16383,-h
29819625,13003278,16383,-h
29819625,13003279,16383,-h
29819625,13003279,16389,-y +h
29819625,13003280,16383,-h
29819625,13003281,16383,-h
29819625,13003282,16383,-h
29819625,13003283,16383,-h
29819625,13003284,16383,-h
29819625,13003285,16383,-h
29819625,13003286,16383,-h
29819625,13003287,16383,-h
29819625,13003288,16383,-h
29819625,13003289,16383,-h
29819625,13003290,16383,-h
29819625,13003291,16383,-h
29819625,13003292,16383,-h
29819625,13003293,16383,-h
29819625,13003294,16383,-h
29819625,13003295,16383,-h
29819625,13003296,16383,-h
29819625,13003297,16383,-h
29819625,13003298,16383,-h
29819625,13003299,16383,-h
29819625,13003300,16383,-h
29819625,13003301,16383,-h
29819625,13003302,16383,-h
29819625,13003303,16383,-h
29819625,13003304,16383,-h
29819625,13003305,16383,-h
29819625,13003306,16383,-h
29819625,13003307,16383,-h
29819625,13003308,16383,-h
29819625,13003309,16383,-h
29819625,13003310,16383,-h
29819625,13003311,16383,-h
29819625,13003312,16383,-h
29819625,13003313,16383,-h
29819625,13003314,16383,-h
29819625,13003315,16383,-h
29819625,13003318,16383,-h
29819625,13003319,16383,+y -h
29819625,13003320,16384,+y -h
29819625,13003325,16383,-y -h
29819625,13003325,16384,-y
29819625,13003325,16385,-y
29819625,13003325,16386,-y
29819625,13003326,16383,-h
29819625,13003327,16383,+x +y -h
29819625,13003327,16384,+x +y
29819625,13003327,16385,+x +y
29819625,13003388,16383,-y -h
29819625,13003388,16384,-y
29819625,13003389,16383,-h
29819625,13003390,16383,-h
29819626,13003254,16383,-x +h -h
29819626,13003255,16383,-x +h -h
29819626,13003256,16383,-x +y +h -h
29819626,13003261,16383,-y -h
29819626,13003262,16383,-h
29819626,13003278,16383,-h
29819626,13003279,16383,-h
29819626,13003279,16389,-y +h
29819626,13003280,16383,-h
29819626,13003281,16383,-h
29819626,13003282,16383,-h
29819626,13003283,16383,-h
29819626,13003284,16383,-h
29819626,13003285,16383,-h
29819626,13003286,16383,-h
29819626,13003287,16383,-h
29819626,13003288,16383,-h
29819626,13003289,16383,-h
29819626,13003290,16383,-h
29819626,13003291,16383,-h
29819626,13003292,16383,-h
29819626,13003293,16383,-h
29819626,13003294,16383,-h
29819626,13003295,16383,-h
29819626,13003296,16383,-h
29819626,13003297,16383,-h
29819626,13003298,16383,-h
29819626,13003299,16383,-h
29819626,13003300,16383,-h
29819626,13003301,16383,-h
29819626,13003302,16383,-h
29819626,13003303,16383,-h
29819626,13003304,16383,-h
29819626,13003305,16383,-h
29819626,13003306,16383,-h
29819626,13003307,16383,-h
29819626,13003308,16383,-h
29819626,13003309,16383,-h
29819626,13003310,16383,-h
29819626,13003311,16383,-h
29819626,13003312,16383,-h
29819626,13003313,16383,-h
29819626,13003314,16383,-h
29819626,13003315,16383,-h
29819626,13003318,16383,+x -h
29819626,13003318,16384,+x
29819626,13003319,16383,+x +y -h
29819626,13003319,16384,+x
29819626,13003319,16385,+x
29819626,13003320,16384,+x +y -h
29819626,13003320,16385,+x +y
29819626,13003325,16383,+x -y -h
29819626,13003325,16384,+x -y
29819626,13003325,16385,+x -y
29819626,13003325,16386,+x -y
29819626,13003326,16383,+x +y -h
29819626,13003326,16384,+x +y
29819626,13003326,16385,+x +y
29819626,13003326,16386,+x +y
29819626,13003388,16383,-y -h
29819626,13003388,16384,-y
29819626,13003389,16383,-h
29819626,13003390,16383,-h
29819627,13003255,16383,+h -h
29819627,13003256,16383,+y +h -h
29819627,13003261,16383,+x -y -h
29819627,13003262,16383,+x -h
29819627,13003278,16383,-h
29819627,13003279,16383,-h
29819627,13003279,16388,+x -y
29819627,13003279,16389,+x -y +h
29819627,13003280,16383,-h
29819627,13003281,16383,-h
29819627,13003282,16383,-h
29819627,13003283,16383,-h
29819627,13003284,16383,-h
29819627,13003285,16383,-h
29819627,13003286,16383,-h
29819627,13003287,16383,-h
29819627,13003288,16383,-h
29819627,13003289,16383,-h
29819627,13003290,16383,-h
29819627,13003291,16383,-h
29819627,13003292,16383,-h
29819627,13003293,16383,-h
29819627,13003294,16383,-h
29819627,13003295,16383,-h
29819627,13003296,16383,-h
29819627,13003297,16383,-h
29819627,13003298,16383,-h
29819627,13003299,16383,-h
29819627,13003300,16383,-h
29819627,13003301,16383,-h
29819627,13003302,16383,-h
29819627,13003303,16383,-h
29819627,13003304,16383,-h
29819627,13003305,16383,-h
29819627,13003306,16383,-h
29819627,13003307,16383,-h
29819627,13003308,16383,-h
29819627,13003309,16383,-h
29819627,13003310,16383,-h
29819627,13003311,16383,-h
29819627,13003312,16383,-h
29819627,13003313,16383,-h
29819627,13003314,16383,-h
29819627,13003315,16383,-h
29819627,13003388,16383,-y -h
29819627,13003388,16384,-y
29819627,13003389,16383,-h
29819627,13003390,16383,-h
29819628,13003255,16383,+h -h
29819628,13003256,16383,+y +h -h
29819628,13003278,16383,-h
29819628,13003279,16383,-h
29819628,13003280,16383,-h
29819628,13003281,16383,-h
29819628,13003282,16383,-h
29819628,13003283,16383,-h
29819628,13003284,16383,-h
29819628,13003285,16383,-h
29819628,13003286,16383,-h
29819628,13003287,16383,-h
29819628,13003288,16383,-h
29819628,13003289,16383,-h
29819628,13003290,16383,-h
29819628,13003291,16383,-h
29819628,13003291,16395,+x +y -y +h
29819628,13003292,16383,-h
29819628,13003293,16383,-h
29819628,13003294,16383,-h
29819628,13003295,16383,-h
29819628,13003296,16383,-h
29819628,13003297,16383,-h
29819628,13003298,16383,-h
29819628,13003299,16383,-h
29819628,13003300,16383,-h
29819628,13003301,16383,-h
29819628,13003302,16383,-h
29819628,13003303,16383,-h
29819628,13003304,16383,-h
29819628,13003305,16383,-h
29819628,13003306,16383,-h
29819628,13003307,16383,-h
29819628,13003308,16383,-h
29819628,13003309,16383,-h
29819628,13003310,16383,-h
29819628,13003311,16383,-h
29819628,13003312,16383,-h
29819628,13003313,16383,-h
29819628,13003314,16383,-h
29819628,13003315,16383,-h
29819628,13003388,16383,-y -h
29819628,13003388,16384,-y
29819628,13003389,16383,-h
29819628,13003390,16383,-h
29819629,13003255,16383,+h -h
29819629,13003256,16383,+y +h -h
29819629,13003278,16383,-h
29819629,13003279,16383,-h
29819629,13003280,16383,-h
29819629,13003281,16383,-h
29819629,13003282,16383,-h
29819629,13003283,16383,-h
29819629,13003284,16383,-h
29819629,13003285,16383,-h
29819629,13003286,16383,-h
29819629,13003287,16383,-h
29819629,13003288,16383,-h
29819629,13003289,16383,-h
29819629,13003290,16383,-h
29819629,13003291,16383,-h
29819629,13003292,16383,-h
29819629,13003293,16383,-h
29819629,13003294,16383,-h
29819629,13003295,16383,-h
29819629,13003296,16383,-h
29819629,13003297,16383,-h
29819629,13003298,16383,-h
29819629,13003299,16383,-h
29819629,13003300,16383,-h
29819629,13003301,16383,-h
29819629,13003302,16383,-h
29819629,13003303,16383,-h
29819629,13003304,16383,-h
29819629,13003305,16383,-h
29819629,13003306,16383,-h
29819629,13003307,16383,-h
29819629,13003308,16383,-h
29819629,13003309,16383,-h
29819629,13003310,16383,-h
29819629,13003311,16383,-h
29819629,13003312,16383,-h
29819629,13003313,16383,-h
29819630,13003278,16383,-h
29819630,13003279,16383,-h
29819630,13003280,16383,-h
29819630,13003280,16389,-y +h
29819630,13003281,16383,-h
29819630,13003282,16383,-h
29819630,13003283,16383,-h
29819630,13003284,16383,-h
29819630,13003285,16383,-h
29819630,13003286,16383,-h
29819630,13003287,16383,-h
29819630,13003288,16383,-h
29819630,13003289,16383,-h
29819630,13003290,16383,-h
29819630,13003291,16383,-h
29819630,13003292,16383,-h
29819630,13003293,16383,-h
29819630,13003294,16383,-h
29819630,13003295,16383,-h
29819630,13003296,16383,-h
29819630,13003297,16383,-h
29819630,13003298,16383,-h
29819630,13003299,16383,-h
29819630,13003300,16383,-h
29819630,13003301,16383,-h
29819630,13003302,16383,-h
29819630,13003303,16383,-h
29819630,13003304,16383,-h
29819630,13003305,16383,-h
29819630,13003306,16383,-h
29819630,13003307,16383,-h
29819630,13003308,16383,-h
29819630,13003309,16383,-h
29819630,13003393,16383,+y -h
29819630,13003393,16384,+y
29819630,13003393,16385,+y
29819630,13003393,16386,+y
29819631,13003279,16383,-h
29819631,13003280,16383,-h
29819631,13003280,16388,+x -y
29819631,13003280,16389,+x -y +h
29819631,13003281,16383,-h
29819631,13003282,16383,-h
29819631,13003283,16383,-h
29819631,13003284,16383,-h
29819631,13003285,16383,-h
29819631,13003286,16383,-h
29819631,13003287,16383,-h
29819631,13003288,16383,-h
29819631,13003289,16383,-h
29819631,13003290,16383,-h
29819631,13003291,16383,-h
29819631,13003292,16383,-h
29819631,13003293,16383,-h
29819631,13003294,16383,-h
29819631,13003295,16383,-h
29819631,13003296,16383,-h
29819631,13003297,16383,-h
29819631,13003298,16383,-h
29819631,13003299,16383,-h
29819631,13003300,16383,-h
29819631,13003301,16383,-h
29819631,13003302,16383,-h
29819631,13003303,16383,-h
29819631,13003304,16383,-h
29819631,13003305,16383,-h
29819631,13003306,16383,-h
29819631,13003339,16383,-x +y -h
29819631,13003393,16383,+y -h
29819631,13003393,16384,+y
29819631,13003393,16385,+y
29819631,13003393,16386,+y
29819632,13003261,16383,-x -y -h
29819632,13003279,16383,-h
29819632,13003280,16383,-h
29819632,13003281,16383,-h
29819632,13003282,16383,-h
29819632,13003283,16383,-h
29819632,13003284,16383,-h
29819632,13003285,16383,-h
29819632,13003286,16383,-h
29819632,13003287,16383,-h
29819632,13003288,16383,-h
29819632,13003289,16383,-h
29819632,13003290,16383,-h
29819632,13003291,16383,-h
29819632,13003292,16383,-h
29819632,13003293,16383,-h
29819632,13003294,16383,-h
29819632,13003295,16383,-h
29819632,13003296,16383,-h
29819632,13003297,16383,-h
29819632,13003298,16383,-h
29819632,13003299,16383,-h
29819632,13003300,16383,-h
29819632,13003301,16383,-h
29819632,13003302,16383,-h
29819632,13003335,16383,-x -y -h
29819632,13003335,16384,-x -y
29819632,13003335,16385,-x -y
29819632,13003336,16383,-x -h
29819632,13003336,16384,-x
29819632,13003336,16385,-x
29819632,13003393,16383,+y -h
29819632,13003393,16384,+y
29819632,13003393,16385,+y
29819632,13003393,16386,+y
29819633,13003279,16383,-h
29819633,13003280,16383,-h
29819633,13003281,16383,-h
29819633,13003282,16383,-h
29819633,13003283,16383,-h
29819633,13003284,16383,-h
29819633,13003285,16383,-h
29819633,13003286,16383,-h
29819633,13003287,16383,-h
29819633,13003288,16383,-h
29819633,13003289,16383,-h
29819633,13003290,16383,-h
29819633,13003291,16383,-h
29819633,13003292,16383,-h
29819633,13003293,16383,-h
29819633,13003294,16383,-h
29819633,13003295,16383,-h
29819633,13003296,16383,-h
29819633,13003297,16383,-h
29819633,13003305,16384,+y -h
29819633,13003335,16383,+x -y -h
29819633,13003335,16384,+x -y
29819633,13003335,16385,+x -y
29819633,13003336,16383,-h
29819634,13003279,16383,-h
29819634,13003280,16383,-h
29819634,13003281,16383,-h
29819634,13003282,16383,-h
29819634,13003283,16383,-h
29819634,13003284,16383,-h
29819634,13003285,16383,-h
29819634,13003286,16383,-h
29819634,13003287,16383,-h
29819634,13003288,16383,-h
29819634,13003289,16383,-h
29819634,13003290,16383,-h
29819634,13003291,16383,-h
29819634,13003292,16383,-h
29819634,13003293,16383,-h
29819634,13003294,16383,-h
29819634,13003305,16384,+y -h
29819635,13003279,16383,-h
29819635,13003280,16383,-h
29819635,13003281,16383,-h
29819635,13003282,16383,-h
29819635,13003283,16383,-h
29819635,13003284,16383,-h
29819635,13003285,16383,-h
29819635,13003286,16383,-h
29819635,13003287,16383,-h
29819635,13003288,16383,-h
29819635,13003289,16383,-h
29819635,13003290,16383,-h
29819635,13003291,16383,-h
29819635,13003292,16383,-h
29819635,13003293,16383,-h
29819635,13003294,16383,-h
29819635,13003302,16383,-y -h
29819635,13003303,16383,-h
29819635,13003305,16384,+y -h
29819635,13003336,16383,+x -y -h
29819635,13003338,16383,+x +y -h
29819636,13003280,16383,-h
29819636,13003281,16383,-h
29819636,13003282,16383,-h
29819636,13003283,16383,-h
29819636,13003284,16383,-h
29819636,13003285,16383,-h
29819636,13003286,16383,-h
29819636,13003287,16383,-h
29819636,13003288,16383,-h
29819636,13003289,16383,-h
29819636,13003290,16383,-h
29819636,13003291,16383,-h
29819636,13003292,16383,-h
29819636,13003293,16383,-h
29819636,13003294,16383,-h
29819636,13003298,16384,-y -h
29819636,13003299,16384,-h
29819636,13003302,16383,-y -h
29819636,13003302,16384,+y
29819636,13003303,16383,+h -h
29819636,13003304,16383,+y +h -h
29819637,13003263,16383,+x +y -h
29819637,13003280,16383,-h
29819637,13003281,16383,-h
29819637,13003282,16383,-h
29819637,13003283,16383,-h
29819637,13003284,16383,-h
29819637,13003289,16383,-h
29819637,13003290,16383,-h
29819637,13003291,16383,-h
29819637,13003298,16384,+x -y -h
29819637,13003299,16384,-h
29819637,13003300,16383,+y -y -h
29819637,13003301,16384,-h
29819637,13003302,16383,-y -h
29819637,13003302,16384,+y
29819637,13003303,16383,+x +h -h
29819637,13003304,16383,+x +y +h -h
29819638,13003260,16383,-x -y -h
29819638,13003261,16383,-h
29819638,13003278,16384,-x -y
29819638,13003278,16385,-x -y
29819638,13003278,16386,-x -y
29819638,13003278,16387,-x -y
29819638,13003280,16383,-h
29819638,13003281,16383,-h
29819638,13003282,16383,-h
29819638,13003299,16384,+x -y -h
29819638,13003300,16383,+y -y -h
29819638,13003301,16384,+x -h
29819638,13003302,16383,+x +y -y -h
29819638,13003302,16384,+x +y
29819639,13003260,16383,+x -y -h
29819639,13003261,16383,-h
29819639,13003264,16383,-x -y -h
29819639,13003264,16384,-x -y
29819639,13003264,16385,-x -y
29819639,13003264,16386,-x -y
29819639,13003265,16383,-x -h
29819639,13003265,16384,-x
29819639,13003265,16385,-x
29819639,13003265,16386,-x
29819639,13003266,16383,-x -h
29819639,13003266,16384,-x
29819639,13003266,16385,-x
29819639,13003266,16386,-x
29819639,13003267,16383,-x +y -h
29819639,13003267,16384,-x +y
29819639,13003267,16385,-x +y
29819639,13003267,16386,-x +y
29819639,13003277,16384,-x -y
29819639,13003277,16385,-x -y
29819639,13003277,16386,-x -y
29819639,13003277,16387,-x -y
29819639,13003300,16383,+x +y -y -h
29819639,13003300,16384,+x +y -y
29819639,13003320,16384,-x +y -h
29819639,13003334,16383,-x +y -y -h
29819640,13003261,16383,-y -h
29819640,13003262,16383,-h
29819640,13003263,16383,-x -h
29819640,13003263,16384,-x
29819640,13003263,16385,-x
29819640,13003263,16386,-x -y
29819640,13003264,16383,-h
29819640,13003265,16383,-h
29819640,13003266,16383,-h
29819640,13003267,16383,-h
29819640,13003267,16385,+y
29819640,13003267,16386,+y
29819640,13003268,16383,-x -h
29819640,13003268,16384,-x +y +h
29819640,13003276,16384,-x -y
29819640,13003276,16385,-x -y +h
29819640,13003276,16388,-x -y -h
29819640,13003277,16386,-y
29819640,13003277,16387,-y
29819640,13003334,16383,-y -h
29819640,13003335,16383,-x +y -h
29819641,13003261,16383,-y -h
29819641,13003261,16384,-y
29819641,13003262,16383,-h
29819641,13003276,16384,-y
29819641,13003276,16385,-y +h
29819641,13003283,16384,-x +y
29819641,13003283,16385,-x +y
29819641,13003283,16386,-x +y
29819641,13003334,16383,-y -h
29819641,13003335,16383,+y -h
29819642,13003261,16383,-y -h
29819642,13003261,16384,-y
29819642,13003262,16383,-h
29819642,13003334,16383,-y -h
29819642,13003335,16383,+y -h
29819643,13003261,16383,-y -h
29819643,13003261,16384,-y
29819643,13003262,16383,-h
29819643,13003287,16383,-x +y -h
29819643,13003336,16383,-x +y -h
29819643,13003336,16384,-x +y
29819643,13003336,16385,-x +y
29819644,13003261,16383,-y -h
29819644,13003261,16384,-y
29819644,13003262,16383,-h
29819644,13003287,16383,-h
29819644,13003288,16383,-x +y -h
29819644,13003324,16383,-x -y -h
29819644,13003324,16384,-x -y
29819644,13003325,16383,-x +y -h
29819644,13003325,16384,-x +y
29819644,13003336,16383,+x +y -h
29819645,13003261,16383,-y -h
29819645,13003261,16384,-y
29819645,13003262,16383,-h
29819645,13003263,16383,-h
29819645,13003280,16383,+y -h
29819645,13003308,16383,-x +y -y -h
29819645,13003308,16384,-x +y -y
29819645,13003308,16385,-x -y
29819645,13003308,16386,-x -y
29819645,13003309,16385,-x +y -h
29819645,13003309,16386,-x +y
29819645,13003324,16383,-y -h
29819645,13003325,16383,-h
29819645,13003326,16383,-x -h
29819645,13003326,16384,-x
29819645,13003327,16383,-x +y -h
29819645,13003327,16384,-x +y
29819646,13003261,16383,+x -y -h
29819646,13003261,16384,+x -y
29819646,13003262,16383,-h
29819646,13003263,16383,-h
29819646,13003280,16383,+y -h
29819646,13003306,16386,-x -y -h
29819646,13003307,16386,-x -h
29819646,13003308,16383,+y -y -h
29819646,13003308,16384,+y -y
29819646,13003308,16385,-y
29819646,13003309,16385,-h
29819646,13003310,16385,-x +y -h
29819646,13003326,16383,-h
29819646,13003327,16383,+y -h
29819646,13003327,16384,+y
29819647,13003262,16383,-y -h
29819647,13003262,16384,-y
29819647,13003262,16385,-y
29819647,13003263,16383,-h
29819647,13003269,16384,+x +y
29819647,13003269,16385,+x +y
29819647,13003269,16386,+x +y
29819647,13003280,16383,+y -h
29819647,13003310,16385,+y -h
29819647,13003326,16383,-h
29819647,13003327,16383,+y -h
29819647,13003327,16384,+y
29819648,13003262,16383,-y -h
29819648,13003262,16384,-y
29819648,13003262,16385,-y
29819648,13003263,16383,-h
29819648,13003325,16383,-y -h
29819648,13003326,16383,-h
29819648,13003327,16383,+y -h
29819648,13003327,16384,+y
29819649,13003262,16383,-y -h
29819649,13003262,16384,-y
29819649,13003262,16385,-y
29819649,13003263,16383,-h
29819649,13003296,16383,-x -y -h
29819649,13003296,16384,-x -y
29819649,13003297,16383,-x +y -h
29819649,13003325,16383,-y -h
29819649,13003325,16384,-y
29819649,13003326,16383,-h
29819649,13003327,16383,+y -h
29819649,13003327,16384,+y
29819649,13003336,16383,-x -y -h
29819649,13003338,16383,-x +y -h
29819650,13003262,16383,-y -h
29819650,13003262,16384,-y
29819650,13003263,16383,-h
29819650,13003300,16383,-x +y -y -h
29819650,13003301,16384,-x +y -h
29819650,13003325,16383,-y -h
29819650,13003325,16384,-y
29819650,13003326,16383,-h
29819650,13003327,16383,+y -h
29819650,13003327,16384,+y
29819651,13003274,16383,+y -h
29819651,13003300,16383,+y -y -h
29819651,13003302,16383,-x +y -y -h
29819651,13003325,16383,-y -h
29819651,13003325,16384,-y
29819651,13003326,16383,-h
29819651,13003327,16383,+y -h
29819651,13003327,16384,+y
29819652,13003274,16383,+y -h
29819652,13003293,16383,-x -y -h
29819652,13003302,16383,+y -y -h
29819652,13003325,16383,-y -h
29819652,13003325,16384,-y
29819653,13003274,16383,+y -h
29819653,13003292,16383,-x -y -h
29819653,13003293,16383,-h
29819653,13003302,16383,+y -y -h
29819654,13003274,16383,+y -h
29819654,13003292,16383,-y -h
29819655,13003269,16383,-h
29819655,13003270,16383,-h
29819655,13003271,16383,-h
29819656,13003269,16383,-h
29819656,13003270,16383,-h
29819656,13003271,16383,-h
29819656,13003293,16383,+y -h
29819657,13003269,16383,-h
29819657,13003270,16383,-h
29819657,13003271,16383,-h
29819657,13003292,16383,-y -h
29819657,13003293,16383,+y -h
29819658,13003269,16383,-h
29819658,13003270,16383,-h
29819658,13003271,16383,-h
29819658,13003292,16383,-y -h
29819658,13003293,16383,+y -h
29819659,13003269,16383,-h
29819659,13003270,16383,-h
29819659,13003271,16383,-h
29819659,13003292,16383,-y -h
