zx,ix,zy,iy,zh,ih
20,931863,22,1625410,13,4096
20,931863,23,3250816,13,4096
20,931863,23,3250819,14,8192
20,931863,24,6501631,13,4096
20,931863,24,6501634,14,8192
20,931863,24,6501639,14,8193
21,1863726,21,812705,13,4097
21,1863726,21,812705,14,8196
21,1863724,22,1625418,13,4096
21,1863726,22,1625411,13,4096
21,1863726,22,1625413,13,4096
21,1863724,22,1625411,14,8192
21,1863724,22,1625418,14,8194
21,1863724,22,1625422,14,8193
21,1863724,22,1625422,14,8194
21,1863726,22,1625410,14,8197
21,1863726,23,3250825,13,4096
21,1863724,23,3250825,14,8192
21,1863724,23,3250832,14,8192
21,1863724,23,3250836,14,8195
21,1863724,23,3250844,14,8192
21,1863726,23,3250822,14,8197
21,1863726,23,3250825,14,8194
21,1863726,23,3250826,14,8194
21,1863726,23,3250828,14,8192
21,1863726,23,3250847,14,8192
21,1863726,24,6501649,12,2048
21,1863724,24,6501671,13,4096
21,1863727,24,6501668,13,4096
21,1863724,24,6501643,14,8192
21,1863724,24,6501649,14,8192
21,1863724,24,6501663,14,8192
21,1863724,24,6501690,14,8192
21,1863726,24,6501625,14,8192
21,1863726,24,6501639,14,8194
21,1863726,24,6501645,14,8198
21,1863726,24,6501649,14,8196
21,1863726,24,6501650,14,8195
21,1863726,24,6501658,14,8192
21,1863726,24,6501693,14,8193
22,3727452,21,812705,14,8199
22,3727452,21,812707,14,8193
22,3727452,21,812707,14,8194
22,3727450,22,1625418,12,2048
22,3727447,22,1625419,13,4096
22,3727447,22,1625420,13,4096
22,3727450,22,1625411,13,4096
22,3727452,22,1625411,13,4100
22,3727447,22,1625415,14,8192
22,3727448,22,1625419,14,8192
22,3727449,22,1625413,14,8192
22,3727450,22,1625413,14,8192
22,3727450,22,1625422,14,8192
22,3727452,22,1625410,14,8198
22,3727452,22,1625411,14,8202
22,3727452,22,1625413,14,8195
22,3727452,22,1625413,14,8196
22,3727452,22,1625415,14,8192
22,3727454,22,1625411,14,8192
22,3727447,23,3250843,12,2048
22,3727450,23,3250846,12,2048
22,3727447,23,3250837,13,4096
22,3727447,23,3250844,13,4097
22,3727447,23,3250844,13,4098
22,3727450,23,3250825,13,4096
22,3727450,23,3250826,13,4097
22,3727450,23,3250831,13,4096
22,3727450,23,3250832,13,4096
22,3727450,23,3250845,13,4097
22,3727450,23,3250846,13,4098
22,3727452,23,3250821,13,4100
22,3727452,23,3250825,13,4098
22,3727452,23,3250832,13,4096
22,3727452,23,3250845,13,4096
22,3727454,23,3250825,13,4096
22,3727447,23,3250829,14,8192
22,3727447,23,3250837,14,8194
22,3727447,23,3250841,14,8194
22,3727447,23,3250844,14,8193
22,3727448,23,3250834,14,8192
22,3727448,23,3250838,14,8193
22,3727448,23,3250838,14,8194
22,3727448,23,3250840,14,8192
22,3727450,23,3250817,14,8192
22,3727450,23,3250818,14,8192
22,3727450,23,3250825,14,8194
22,3727450,23,3250826,14,8193
22,3727450,23,3250845,14,8193
22,3727452,23,3250818,14,8192
22,3727452,23,3250819,14,8195
22,3727452,23,3250819,14,8198
22,3727452,23,3250821,14,8202
22,3727452,23,3250822,14,8203
22,3727452,23,3250822,14,8204
22,3727452,23,3250823,14,8197
22,3727452,23,3250823,14,8198
22,3727452,23,3250825,14,8198
22,3727452,23,3250827,14,8194
22,3727452,23,3250832,14,8194
22,3727452,23,3250845,14,8194
22,3727452,23,3250846,14,8192
22,3727452,23,3250846,14,8194
22,3727453,23,3250847,14,8193
22,3727453,23,3250847,14,8194
22,3727454,23,3250820,14,8194
22,3727455,23,3250816,14,8194
22,3727455,23,3250818,14,8192
22,3727457,23,3250817,14,8194
22,3727447,24,6501685,12,2048
22,3727447,24,6501690,13,4097
22,3727447,24,6501690,13,4098
22,3727449,24,6501692,13,4096
22,3727450,24,6501649,13,4096
22,3727450,24,6501671,13,4096
22,3727452,24,6501639,13,4098
22,3727452,24,6501641,13,4100
22,3727452,24,6501649,13,4099
22,3727452,24,6501689,13,4096
22,3727457,24,6501645,13,4096
22,3727457,24,6501646,13,4096
22,3727445,24,6501688,14,8192
22,3727447,24,6501657,14,8192
22,3727447,24,6501673,14,8192
22,3727447,24,6501676,14,8194
22,3727447,24,6501683,14,8195
22,3727447,24,6501688,14,8192
22,3727447,24,6501689,14,8198
22,3727447,24,6501690,14,8193
22,3727448,24,6501667,14,8192
22,3727448,24,6501670,14,8192
22,3727449,24,6501635,14,8192
22,3727449,24,6501644,14,8193
22,3727449,24,6501671,14,8194
22,3727449,24,6501691,14,8192
22,3727449,24,6501692,14,8194
22,3727450,24,6501623,14,8192
22,3727450,24,6501624,14,8192
22,3727450,24,6501643,14,8192
22,3727450,24,6501654,14,8193
22,3727450,24,6501654,14,8194
22,3727450,24,6501671,14,8194
22,3727450,24,6501689,14,8193
22,3727450,24,6501689,14,8194
22,3727450,24,6501691,14,8196
22,3727452,24,6501624,14,8192
22,3727452,24,6501635,14,8192
22,3727452,24,6501638,14,8193
22,3727452,24,6501638,14,8194
22,3727452,24,6501639,14,8199
22,3727452,24,6501643,14,8203
22,3727452,24,6501643,14,8204
22,3727452,24,6501644,14,8198
22,3727452,24,6501649,14,8197
22,3727452,24,6501649,14,8200
22,3727452,24,6501650,14,8199
22,3727452,24,6501651,14,8195
22,3727452,24,6501652,14,8197
22,3727452,24,6501656,14,8195
22,3727452,24,6501656,14,8196
22,3727452,24,6501659,14,8192
22,3727452,24,6501692,14,8193
22,3727452,24,6501693,14,8195
22,3727453,24,6501625,14,8193
22,3727453,24,6501626,14,8192
22,3727453,24,6501696,14,8194
22,3727454,24,6501629,14,8192
22,3727454,24,6501639,14,8194
22,3727454,24,6501640,14,8195
22,3727454,24,6501658,14,8192
22,3727455,24,6501631,14,8194
22,3727455,24,6501634,14,8193
22,3727455,24,6501634,14,8194
22,3727455,24,6501635,14,8192
22,3727455,24,6501638,14,8193
23,7454903,20,406352,14,8192
23,7454903,21,812705,12,2049
23,7454903,21,812707,12,2048
23,7454903,21,812705,13,4097
23,7454903,21,812705,13,4100
23,7454903,21,812705,14,8193
23,7454906,21,812705,14,8199
23,7454903,22,1625413,12,2048
23,7454893,22,1625419,13,4096
23,7454893,22,1625420,13,4096
23,7454901,22,1625411,13,4097
23,7454901,22,1625411,13,4098
23,7454913,22,1625408,13,4096
23,7454895,22,1625413,14,8192
23,7454895,22,1625415,14,8193
23,7454896,22,1625420,14,8193
23,7454896,22,1625420,14,8194
23,7454901,22,1625409,14,8193
23,7454901,22,1625410,14,8193
23,7454901,22,1625417,14,8195
23,7454903,22,1625413,14,8196
23,7454903,22,1625422,14,8192
23,7454906,22,1625410,14,8198
23,7454906,22,1625411,14,8200
23,7454906,22,1625413,14,8195
23,7454906,22,1625413,14,8196
23,7454906,22,1625414,14,8193
23,7454908,22,1625411,14,8193
23,7454891,23,3250843,12,2048
23,7454893,23,3250843,12,2048
23,7454903,23,3250825,12,2048
23,7454903,23,3250832,12,2048
23,7454903,23,3250846,12,2048
23,7454891,23,3250843,13,4098
23,7454891,23,3250844,13,4097
23,7454893,23,3250837,13,4096
23,7454893,23,3250843,13,4098
23,7454893,23,3250844,13,4097
23,7454893,23,3250844,13,4098
23,7454895,23,3250836,13,4097
23,7454896,23,3250843,13,4096
23,7454899,23,3250846,13,4098
23,7454900,23,3250843,13,4096
23,7454901,23,3250821,13,4097
23,7454901,23,3250821,13,4098
23,7454901,23,3250823,13,4099
23,7454901,23,3250828,13,4096
23,7454901,23,3250834,13,4096
23,7454903,23,3250819,13,4097
23,7454903,23,3250819,13,4098
23,7454903,23,3250825,13,4098
23,7454903,23,3250834,13,4096
23,7454903,23,3250845,13,4097
23,7454904,23,3250834,13,4096
23,7454906,23,3250821,13,4100
23,7454906,23,3250825,13,4098
23,7454906,23,3250831,13,4096
23,7454907,23,3250814,13,4096
23,7454908,23,3250821,13,4097
23,7454908,23,3250826,13,4096
23,7454910,23,3250819,13,4097
23,7454910,23,3250829,13,4096
23,7454911,23,3250827,13,4097
23,7454911,23,3250831,13,4096
23,7454913,23,3250823,13,4096
23,7454913,23,3250825,13,4096
23,7454913,23,3250831,13,4096
23,7454914,23,3250817,13,4096
23,7454891,23,3250841,14,8192
23,7454891,23,3250844,14,8193
23,7454893,23,3250841,14,8194
23,7454893,23,3250844,14,8193
23,7454893,23,3250844,14,8198
23,7454894,23,3250843,14,8196
23,7454895,23,3250825,14,8192
23,7454895,23,3250832,14,8192
23,7454895,23,3250836,14,8193
23,7454896,23,3250820,14,8192
23,7454896,23,3250839,14,8193
23,7454896,23,3250839,14,8194
23,7454896,23,3250841,14,8192
23,7454896,23,3250843,14,8194
23,7454897,23,3250817,14,8192
23,7454897,23,3250834,14,8193
23,7454897,23,3250835,14,8194
23,7454899,23,3250823,14,8193
23,7454899,23,3250825,14,8193
23,7454899,23,3250832,14,8193
23,7454899,23,3250845,14,8195
23,7454899,23,3250846,14,8195
23,7454900,23,3250843,14,8194
23,7454901,23,3250819,14,8192
23,7454901,23,3250820,14,8192
23,7454901,23,3250825,14,8195
23,7454901,23,3250825,14,8196
23,7454901,23,3250826,14,8196
23,7454901,23,3250834,14,8194
23,7454903,23,3250812,14,8192
23,7454903,23,3250819,14,8193
23,7454903,23,3250821,14,8202
23,7454903,23,3250822,14,8202
23,7454903,23,3250825,14,8198
23,7454903,23,3250845,14,8193
23,7454904,23,3250822,14,8205
23,7454904,23,3250845,14,8195
23,7454905,23,3250847,14,8193
23,7454905,23,3250847,14,8194
23,7454906,23,3250822,14,8201
23,7454906,23,3250823,14,8197
23,7454906,23,3250823,14,8198
23,7454906,23,3250827,14,8194
23,7454906,23,3250828,14,8194
23,7454906,23,3250831,14,8194
23,7454907,23,3250813,14,8193
23,7454907,23,3250813,14,8194
23,7454908,23,3250813,14,8192
23,7454908,23,3250825,14,8194
23,7454908,23,3250826,14,8194
23,7454908,23,3250847,14,8194
23,7454908,23,3250848,14,8194
23,7454910,23,3250820,14,8194
23,7454911,23,3250818,14,8193
23,7454911,23,3250827,14,8193
23,7454913,23,3250818,14,8192
23,7454913,23,3250825,14,8194
23,7454913,23,3250831,14,8194
23,7454914,23,3250818,14,8192
23,7454903,24,6501649,11,1024
23,7454891,24,6501685,12,2048
23,7454893,24,6501685,12,2048
23,7454901,24,6501694,12,2048
23,7454891,24,6501685,13,4098
23,7454893,24,6501685,13,4098
23,7454893,24,6501690,13,4097
23,7454893,24,6501690,13,4098
23,7454895,24,6501671,13,4096
23,7454896,24,6501685,13,4096
23,7454896,24,6501689,13,4098
23,7454896,24,6501690,13,4098
23,7454897,24,6501636,13,4096
23,7454898,24,6501670,13,4096
23,7454899,24,6501687,13,4096
23,7454901,24,6501645,13,4099
23,7454901,24,6501649,13,4097
23,7454901,24,6501649,13,4098
23,7454901,24,6501667,13,4096
23,7454901,24,6501670,13,4096
23,7454901,24,6501676,13,4096
23,7454901,24,6501694,13,4098
23,7454903,24,6501639,13,4099
23,7454903,24,6501646,13,4101
23,7454903,24,6501667,13,4096
23,7454904,24,6501638,13,4098
23,7454904,24,6501646,13,4102
23,7454904,24,6501667,13,4096
23,7454906,24,6501639,13,4098
23,7454906,24,6501641,13,4100
23,7454906,24,6501649,13,4099
23,7454906,24,6501660,13,4096
23,7454907,24,6501696,13,4096
23,7454908,24,6501649,13,4096
23,7454908,24,6501669,13,4096
23,7454908,24,6501697,13,4096
23,7454909,24,6501659,13,4096
23,7454910,24,6501660,13,4096
23,7454910,24,6501667,13,4096
23,7454913,24,6501631,13,4096
23,7454913,24,6501645,13,4096
23,7454913,24,6501649,13,4096
23,7454914,24,6501633,13,4096
23,7454891,24,6501683,14,8196
23,7454893,24,6501673,14,8192
23,7454893,24,6501675,14,8194
23,7454893,24,6501676,14,8194
23,7454893,24,6501683,14,8195
23,7454893,24,6501683,14,8196
23,7454893,24,6501687,14,8198
23,7454893,24,6501688,14,8192
23,7454893,24,6501690,14,8193
23,7454894,24,6501685,14,8196
23,7454894,24,6501687,14,8197
23,7454894,24,6501688,14,8198
23,7454895,24,6501649,14,8192
23,7454895,24,6501656,14,8192
23,7454895,24,6501659,14,8193
23,7454895,24,6501672,14,8192
23,7454895,24,6501681,14,8194
23,7454895,24,6501690,14,8198
23,7454895,24,6501691,14,8197
23,7454896,24,6501639,14,8192
23,7454896,24,6501642,14,8192
23,7454896,24,6501645,14,8193
23,7454896,24,6501646,14,8193
23,7454896,24,6501662,14,8192
23,7454896,24,6501663,14,8193
23,7454896,24,6501664,14,8193
23,7454896,24,6501679,14,8195
23,7454896,24,6501680,14,8195
23,7454896,24,6501685,14,8194
23,7454896,24,6501689,14,8195
23,7454896,24,6501690,14,8195
23,7454897,24,6501635,14,8193
23,7454897,24,6501635,14,8194
23,7454897,24,6501670,14,8193
23,7454897,24,6501671,14,8195
23,7454897,24,6501691,14,8192
23,7454897,24,6501692,14,8193
23,7454897,24,6501692,14,8194
23,7454898,24,6501670,14,8194
23,7454899,24,6501645,14,8193
23,7454899,24,6501649,14,8193
23,7454899,24,6501652,14,8193
23,7454899,24,6501663,14,8193
23,7454899,24,6501691,14,8196
23,7454899,24,6501693,14,8193
23,7454899,24,6501693,14,8194
23,7454900,24,6501622,14,8192
23,7454900,24,6501685,14,8193
23,7454900,24,6501688,14,8193
23,7454900,24,6501688,14,8194
23,7454900,24,6501691,14,8197
23,7454900,24,6501693,14,8198
23,7454901,24,6501641,14,8194
23,7454901,24,6501642,14,8192
23,7454901,24,6501645,14,8200
23,7454901,24,6501650,14,8197
23,7454901,24,6501654,14,8195
23,7454901,24,6501654,14,8196
23,7454901,24,6501655,14,8193
23,7454901,24,6501665,14,8194
23,7454901,24,6501667,14,8194
23,7454901,24,6501670,14,8194
23,7454901,24,6501673,14,8196
23,7454901,24,6501676,14,8194
23,7454903,24,6501631,14,8192
23,7454903,24,6501637,14,8193
23,7454903,24,6501645,14,8203
23,7454903,24,6501645,14,8204
23,7454903,24,6501646,14,8204
23,7454903,24,6501660,14,8196
23,7454903,24,6501667,14,8194
23,7454903,24,6501668,14,8194
23,7454903,24,6501670,14,8192
23,7454903,24,6501687,14,8192
23,7454903,24,6501689,14,8193
23,7454903,24,6501689,14,8194
23,7454903,24,6501693,14,8196
23,7454903,24,6501694,14,8192
23,7454904,24,6501637,14,8193
23,7454904,24,6501640,14,8200
23,7454904,24,6501641,14,8202
23,7454904,24,6501642,14,8203
23,7454904,24,6501642,14,8204
23,7454904,24,6501643,14,8205
23,7454904,24,6501645,14,8206
23,7454904,24,6501646,14,8203
23,7454904,24,6501653,14,8197
23,7454904,24,6501654,14,8197
23,7454904,24,6501657,14,8195
23,7454904,24,6501667,14,8194
23,7454904,24,6501668,14,8194
23,7454904,24,6501688,14,8192
23,7454904,24,6501692,14,8195
23,7454905,24,6501626,14,8192
23,7454905,24,6501649,14,8201
23,7454906,24,6501638,14,8193
23,7454906,24,6501639,14,8195
23,7454906,24,6501644,14,8198
23,7454906,24,6501646,14,8201
23,7454906,24,6501649,14,8197
23,7454906,24,6501651,14,8195
23,7454906,24,6501652,14,8197
23,7454906,24,6501656,14,8195
23,7454906,24,6501656,14,8196
23,7454906,24,6501659,14,8192
23,7454906,24,6501692,14,8193
23,7454907,24,6501627,14,8192
23,7454907,24,6501695,14,8195
23,7454907,24,6501696,14,8195
23,7454908,24,6501628,14,8192
23,7454908,24,6501641,14,8195
23,7454908,24,6501641,14,8196
23,7454908,24,6501644,14,8194
23,7454908,24,6501668,14,8194
23,7454908,24,6501670,14,8192
23,7454910,24,6501633,14,8195
23,7454910,24,6501634,14,8195
23,7454910,24,6501665,14,8193
23,7454911,24,6501635,14,8193
23,7454911,24,6501653,14,8193
23,7454911,24,6501653,14,8194
23,7454911,24,6501654,14,8192
23,7454911,24,6501661,14,8193
23,7454911,24,6501661,14,8194
23,7454911,24,6501662,14,8194
23,7454913,24,6501629,14,8192
23,7454913,24,6501636,14,8193
23,7454914,24,6501636,14,8193
23,7454914,24,6501636,14,8194
23,7454914,24,6501651,14,8192
23,7454914,24,6501652,14,8192
24,14909805,20,406352,14,8192
24,14909805,21,812705,12,2049
24,14909805,21,812705,13,4097
24,14909805,21,812707,13,4096
24,14909825,21,812704,13,4096
24,14909805,21,812705,14,8193
24,14909805,21,812707,14,8194
24,14909805,22,1625417,12,2048
24,14909805,22,1625418,12,2048
24,14909791,22,1625411,13,4096
24,14909805,22,1625411,13,4100
24,14909805,22,1625413,13,4096
24,14909784,22,1625418,14,8192
24,14909789,22,1625415,14,8193
24,14909796,22,1625406,14,8192
24,14909801,22,1625411,14,8194
24,14909805,22,1625409,14,8193
24,14909805,22,1625413,14,8194
24,14909805,22,1625415,14,8195
24,14909805,22,1625422,14,8192
24,14909807,22,1625413,14,8197
24,14909807,22,1625414,14,8196
24,14909822,22,1625410,14,8194
24,14909825,22,1625413,14,8193
24,14909784,23,3250843,12,2048
24,14909805,23,3250825,12,2048
24,14909805,23,3250832,12,2048
24,14909805,23,3250846,12,2048
24,14909783,23,3250844,13,4098
24,14909784,23,3250838,13,4096
24,14909784,23,3250843,13,4098
24,14909784,23,3250844,13,4097
24,14909784,23,3250844,13,4098
24,14909789,23,3250836,13,4097
24,14909790,23,3250836,13,4098
24,14909801,23,3250823,13,4098
24,14909801,23,3250828,13,4096
24,14909803,23,3250819,13,4097
24,14909803,23,3250819,13,4098
24,14909803,23,3250820,13,4098
24,14909803,23,3250821,13,4099
24,14909805,23,3250819,13,4097
24,14909805,23,3250819,13,4098
24,14909805,23,3250845,13,4097
24,14909805,23,3250846,13,4098
24,14909812,23,3250825,13,4099
24,14909813,23,3250814,13,4096
24,14909814,23,3250821,13,4099
24,14909815,23,3250834,13,4096
24,14909816,23,3250822,13,4098
24,14909816,23,3250847,13,4096
24,14909818,23,3250826,13,4096
24,14909821,23,3250831,13,4096
24,14909825,23,3250825,13,4096
24,14909825,23,3250831,13,4096
24,14909825,23,3250834,13,4096
24,14909826,23,3250834,13,4096
24,14909830,23,3250817,13,4096
24,14909781,23,3250841,14,8192
24,14909781,23,3250843,14,8192
24,14909781,23,3250844,14,8193
24,14909783,23,3250837,14,8192
24,14909783,23,3250844,14,8198
24,14909784,23,3250837,14,8193
24,14909784,23,3250841,14,8192
24,14909784,23,3250844,14,8193
24,14909784,23,3250844,14,8198
24,14909789,23,3250827,14,8192
24,14909789,23,3250829,14,8193
24,14909789,23,3250836,14,8193
24,14909789,23,3250836,14,8196
24,14909790,23,3250826,14,8193
24,14909791,23,3250834,14,8192
24,14909791,23,3250839,14,8194
24,14909792,23,3250821,14,8193
24,14909792,23,3250841,14,8195
24,14909792,23,3250843,14,8195
24,14909793,23,3250818,14,8192
24,14909793,23,3250834,14,8193
24,14909793,23,3250835,14,8194
24,14909793,23,3250837,14,8195
24,14909793,23,3250838,14,8195
24,14909794,23,3250837,14,8195
24,14909794,23,3250839,14,8193
24,14909794,23,3250839,14,8194
24,14909794,23,3250840,14,8193
24,14909794,23,3250840,14,8194
24,14909795,23,3250813,14,8192
24,14909795,23,3250826,14,8192
24,14909796,23,3250834,14,8192
24,14909797,23,3250823,14,8193
24,14909797,23,3250825,14,8193
24,14909799,23,3250818,14,8192
24,14909799,23,3250843,14,8194
24,14909801,23,3250819,14,8192
24,14909801,23,3250820,14,8192
24,14909801,23,3250821,14,8193
24,14909801,23,3250823,14,8195
24,14909801,23,3250825,14,8195
24,14909801,23,3250825,14,8196
24,14909801,23,3250826,14,8196
24,14909802,23,3250837,14,8196
24,14909802,23,3250846,14,8198
24,14909803,23,3250816,14,8192
24,14909803,23,3250820,14,8195
24,14909803,23,3250821,14,8200
24,14909803,23,3250823,14,8200
24,14909803,23,3250831,14,8194
24,14909803,23,3250832,14,8195
24,14909803,23,3250835,14,8196
24,14909805,23,3250812,14,8192
24,14909805,23,3250821,14,8200
24,14909805,23,3250825,14,8196
24,14909805,23,3250826,14,8195
24,14909805,23,3250826,14,8196
24,14909805,23,3250829,14,8195
24,14909805,23,3250832,14,8196
24,14909805,23,3250834,14,8196
24,14909805,23,3250845,14,8193
24,14909806,23,3250831,14,8196
24,14909806,23,3250834,14,8195
24,14909806,23,3250835,14,8193
24,14909806,23,3250835,14,8194
24,14909807,23,3250821,14,8203
24,14909807,23,3250821,14,8204
24,14909807,23,3250825,14,8199
24,14909808,23,3250829,14,8195
24,14909808,23,3250830,14,8195
24,14909809,23,3250817,14,8193
24,14909809,23,3250847,14,8193
24,14909810,23,3250822,14,8205
24,14909810,23,3250823,14,8203
24,14909810,23,3250823,14,8204
24,14909812,23,3250818,14,8192
24,14909812,23,3250821,14,8202
24,14909812,23,3250822,14,8202
24,14909812,23,3250829,14,8194
24,14909812,23,3250830,14,8194
24,14909812,23,3250832,14,8192
24,14909812,23,3250846,14,8192
24,14909812,23,3250846,14,8194
24,14909813,23,3250813,14,8193
24,14909813,23,3250813,14,8194
24,14909813,23,3250836,14,8192
24,14909814,23,3250813,14,8195
24,14909814,23,3250822,14,8199
24,14909814,23,3250822,14,8200
24,14909814,23,3250823,14,8197
24,14909814,23,3250825,14,8196
24,14909814,23,3250826,14,8195
24,14909814,23,3250826,14,8196
24,14909814,23,3250827,14,8194
24,14909814,23,3250828,14,8193
24,14909816,23,3250821,14,8196
24,14909816,23,3250822,14,8195
24,14909816,23,3250823,14,8194
24,14909818,23,3250825,14,8194
24,14909818,23,3250826,14,8194
24,14909819,23,3250816,14,8194
24,14909819,23,3250818,14,8192
24,14909819,23,3250819,14,8195
24,14909821,23,3250818,14,8193
24,14909821,23,3250818,14,8194
24,14909821,23,3250821,14,8194
24,14909822,23,3250817,14,8195
24,14909822,23,3250832,14,8193
24,14909825,23,3250827,14,8194
24,14909826,23,3250819,14,8192
24,14909830,23,3250818,14,8192
24,14909805,24,6501649,11,1024
24,14909784,24,6501685,12,2048
24,14909805,24,6501667,12,2048
24,14909805,24,6501694,12,2048
24,14909784,24,6501685,13,4098
24,14909784,24,6501690,13,4097
24,14909784,24,6501690,13,4098
24,14909789,24,6501653,13,4096
24,14909791,24,6501691,13,4097
24,14909792,24,6501691,13,4098
24,14909793,24,6501635,13,4096
24,14909799,24,6501662,13,4096
24,14909799,24,6501686,13,4096
24,14909801,24,6501649,13,4097
24,14909801,24,6501649,13,4098
24,14909801,24,6501670,13,4096
24,14909803,24,6501641,13,4099
24,14909803,24,6501644,13,4099
24,14909803,24,6501649,13,4099
24,14909803,24,6501658,13,4096
24,14909803,24,6501661,13,4096
24,14909805,24,6501637,13,4097
24,14909805,24,6501637,13,4098
24,14909805,24,6501639,13,4099
24,14909805,24,6501676,13,4097
24,14909805,24,6501694,13,4098
24,14909806,24,6501694,13,4097
24,14909809,24,6501678,13,4096
24,14909810,24,6501667,13,4096
24,14909810,24,6501668,13,4096
24,14909810,24,6501677,13,4096
24,14909810,24,6501678,13,4096
24,14909811,24,6501650,13,4100
24,14909812,24,6501661,13,4096
24,14909813,24,6501696,13,4096
24,14909814,24,6501641,13,4099
24,14909814,24,6501646,13,4099
24,14909815,24,6501697,13,4097
24,14909816,24,6501640,13,4098
24,14909816,24,6501696,13,4096
24,14909818,24,6501649,13,4096
24,14909819,24,6501634,13,4097
24,14909819,24,6501667,13,4096
24,14909822,24,6501667,13,4096
24,14909825,24,6501631,13,4096
24,14909825,24,6501640,13,4096
24,14909825,24,6501647,13,4096
24,14909825,24,6501649,13,4096
24,14909828,24,6501647,13,4096
24,14909830,24,6501633,13,4096
24,14909781,24,6501685,14,8192
24,14909781,24,6501685,14,8197
24,14909781,24,6501685,14,8198
24,14909781,24,6501686,14,8197
24,14909781,24,6501686,14,8198
24,14909781,24,6501687,14,8193
24,14909782,24,6501685,14,8198
24,14909782,24,6501686,14,8198
24,14909783,24,6501683,14,8197
24,14909783,24,6501687,14,8198
24,14909784,24,6501683,14,8196
24,14909784,24,6501687,14,8198
24,14909784,24,6501688,14,8192
24,14909784,24,6501690,14,8193
24,14909786,24,6501677,14,8194
24,14909787,24,6501686,14,8198
24,14909788,24,6501683,14,8196
24,14909788,24,6501686,14,8197
24,14909789,24,6501656,14,8192
24,14909789,24,6501664,14,8192
24,14909789,24,6501672,14,8192
24,14909789,24,6501690,14,8198
24,14909790,24,6501658,14,8193
24,14909790,24,6501688,14,8198
24,14909790,24,6501691,14,8198
24,14909791,24,6501649,14,8193
24,14909791,24,6501650,14,8193
24,14909791,24,6501664,14,8193
24,14909791,24,6501667,14,8192
24,14909791,24,6501670,14,8192
24,14909791,24,6501677,14,8194
24,14909791,24,6501680,14,8194
24,14909791,24,6501682,14,8195
24,14909791,24,6501689,14,8192
24,14909791,24,6501691,14,8196
24,14909792,24,6501644,14,8193
24,14909792,24,6501656,14,8192
24,14909792,24,6501662,14,8193
24,14909792,24,6501681,14,8195
24,14909792,24,6501685,14,8195
24,14909792,24,6501688,14,8195
24,14909792,24,6501691,14,8195
24,14909793,24,6501635,14,8194
24,14909793,24,6501636,14,8193
24,14909793,24,6501636,14,8194
24,14909793,24,6501638,14,8192
24,14909793,24,6501665,14,8193
24,14909793,24,6501667,14,8193
24,14909793,24,6501670,14,8193
24,14909793,24,6501671,14,8195
24,14909793,24,6501678,14,8195
24,14909793,24,6501691,14,8192
24,14909793,24,6501692,14,8193
24,14909793,24,6501692,14,8194
24,14909794,24,6501633,14,8192
24,14909794,24,6501634,14,8193
24,14909794,24,6501636,14,8194
24,14909794,24,6501642,14,8192
24,14909794,24,6501665,14,8193
24,14909794,24,6501667,14,8193
24,14909794,24,6501676,14,8195
24,14909794,24,6501682,14,8192
24,14909795,24,6501628,14,8192
24,14909795,24,6501654,14,8192
24,14909796,24,6501634,14,8192
24,14909796,24,6501667,14,8192
24,14909797,24,6501643,14,8193
24,14909797,24,6501645,14,8193
24,14909797,24,6501649,14,8193
24,14909797,24,6501652,14,8193
24,14909797,24,6501692,14,8195
24,14909797,24,6501693,14,8193
24,14909799,24,6501653,14,8193
24,14909799,24,6501653,14,8194
24,14909799,24,6501654,14,8193
24,14909799,24,6501654,14,8194
24,14909799,24,6501674,14,8195
24,14909799,24,6501685,14,8193
24,14909799,24,6501691,14,8197
24,14909799,24,6501693,14,8192
24,14909799,24,6501693,14,8198
24,14909800,24,6501685,14,8194
24,14909800,24,6501690,14,8196
24,14909801,24,6501635,14,8193
24,14909801,24,6501642,14,8192
24,14909801,24,6501654,14,8195
24,14909801,24,6501655,14,8193
24,14909801,24,6501670,14,8194
24,14909801,24,6501692,14,8198
24,14909801,24,6501693,14,8199
24,14909802,24,6501635,14,8193
24,14909802,24,6501688,14,8193
24,14909802,24,6501693,14,8199
24,14909802,24,6501694,14,8198
24,14909803,24,6501625,14,8192
24,14909803,24,6501631,14,8192
24,14909803,24,6501637,14,8194
24,14909803,24,6501640,14,8194
24,14909803,24,6501641,14,8200
24,14909803,24,6501644,14,8200
24,14909803,24,6501647,14,8201
24,14909803,24,6501661,14,8194
24,14909803,24,6501663,14,8195
24,14909803,24,6501664,14,8194
24,14909803,24,6501667,14,8195
24,14909803,24,6501669,14,8196
24,14909803,24,6501672,14,8196
24,14909803,24,6501676,14,8195
24,14909805,24,6501623,14,8192
24,14909805,24,6501629,14,8192
24,14909805,24,6501631,14,8192
24,14909805,24,6501641,14,8200
24,14909805,24,6501643,14,8201
24,14909805,24,6501646,14,8202
24,14909805,24,6501650,14,8197
24,14909805,24,6501654,14,8195
24,14909805,24,6501654,14,8196
24,14909805,24,6501667,14,8196
24,14909805,24,6501689,14,8193
24,14909805,24,6501689,14,8194
24,14909806,24,6501623,14,8192
24,14909806,24,6501637,14,8194
24,14909806,24,6501661,14,8196
24,14909806,24,6501664,14,8196
24,14909806,24,6501667,14,8195
24,14909806,24,6501669,14,8194
24,14909806,24,6501670,14,8195
24,14909806,24,6501671,14,8192
24,14909806,24,6501672,14,8192
24,14909806,24,6501672,14,8194
24,14909806,24,6501689,14,8195
24,14909806,24,6501694,14,8193
24,14909806,24,6501694,14,8196
24,14909807,24,6501641,14,8202
24,14909807,24,6501644,14,8203
24,14909807,24,6501644,14,8204
24,14909807,24,6501645,14,8205
24,14909807,24,6501647,14,8202
24,14909807,24,6501649,14,8200
24,14909807,24,6501688,14,8193
24,14909807,24,6501695,14,8192
24,14909808,24,6501640,14,8201
24,14909808,24,6501642,14,8205
24,14909808,24,6501646,14,8206
24,14909808,24,6501651,14,8199
24,14909808,24,6501655,14,8197
24,14909808,24,6501689,14,8194
24,14909809,24,6501636,14,8193
24,14909809,24,6501643,14,8206
24,14909809,24,6501644,14,8206
24,14909809,24,6501649,14,8201
24,14909809,24,6501677,14,8192
24,14909809,24,6501691,14,8196
24,14909809,24,6501692,14,8196
24,14909810,24,6501634,14,8193
24,14909810,24,6501638,14,8199
24,14909810,24,6501641,14,8202
24,14909810,24,6501642,14,8203
24,14909810,24,6501642,14,8204
24,14909810,24,6501643,14,8205
24,14909810,24,6501646,14,8205
24,14909810,24,6501692,14,8195
24,14909811,24,6501649,14,8202
24,14909811,24,6501694,14,8195
24,14909811,24,6501696,14,8194
24,14909812,24,6501635,14,8192
24,14909812,24,6501639,14,8198
24,14909812,24,6501649,14,8200
24,14909813,24,6501627,14,8192
24,14909813,24,6501671,14,8192
24,14909814,24,6501643,14,8200
24,14909814,24,6501644,14,8198
24,14909814,24,6501646,14,8200
24,14909814,24,6501649,14,8197
24,14909814,24,6501651,14,8195
24,14909814,24,6501654,14,8195
24,14909814,24,6501656,14,8194
24,14909814,24,6501658,14,8193
24,14909814,24,6501659,14,8192
24,14909814,24,6501692,14,8193
24,14909815,24,6501668,14,8194
24,14909815,24,6501670,14,8192
24,14909816,24,6501645,14,8194
24,14909816,24,6501645,14,8198
24,14909816,24,6501646,14,8195
24,14909816,24,6501646,14,8196
24,14909816,24,6501649,14,8194
24,14909816,24,6501654,14,8192
24,14909816,24,6501669,14,8194
24,14909816,24,6501670,14,8193
24,14909816,24,6501693,14,8193
24,14909818,24,6501697,14,8193
24,14909818,24,6501697,14,8194
24,14909819,24,6501633,14,8195
24,14909819,24,6501634,14,8193
24,14909819,24,6501635,14,8192
24,14909819,24,6501638,14,8193
24,14909819,24,6501638,14,8194
24,14909819,24,6501658,14,8193
24,14909819,24,6501686,14,8192
24,14909820,24,6501640,14,8195
24,14909820,24,6501644,14,8192
24,14909820,24,6501657,14,8192
24,14909820,24,6501658,14,8194
24,14909820,24,6501665,14,8192
24,14909821,24,6501632,14,8195
24,14909821,24,6501635,14,8193
24,14909821,24,6501635,14,8194
24,14909821,24,6501661,14,8193
24,14909821,24,6501664,14,8193
24,14909821,24,6501667,14,8194
24,14909821,24,6501668,14,8194
24,14909822,24,6501633,14,8195
24,14909822,24,6501635,14,8194
24,14909822,24,6501667,14,8194
24,14909822,24,6501668,14,8194
24,14909825,24,6501647,14,8194
24,14909825,24,6501652,14,8192
24,14909825,24,6501653,14,8194
24,14909825,24,6501654,14,8195
24,14909825,24,6501662,14,8194
24,14909826,24,6501628,14,8192
24,14909826,24,6501637,14,8193
24,14909826,24,6501669,14,8194
24,14909827,24,6501664,14,8193
24,14909828,24,6501629,14,8192
24,14909828,24,6501631,14,8192
24,14909828,24,6501632,14,8192
24,14909828,24,6501649,14,8192
24,14909828,24,6501650,14,8192
24,14909829,24,6501633,14,8194
24,14909829,24,6501645,14,8194
24,14909829,24,6501646,14,8194
24,14909830,24,6501633,14,8194
24,14909830,24,6501645,14,8194
24,14909830,24,6501646,14,8194
24,14909830,24,6501652,14,8192
