flight_id,origin,destination,target_agl_m,planned_cruise_speed_mps,distance_m,nominal_duration_s,cruise_duration_s,dynamic_atom_count,display_cell_count,conformance_applicable_samples,conformance_inside_samples,conformance_inside_ratio
F001,Aizuwakamatsu Station,University of Aizu Ground,100.0,8.0,2018.2257338685029,319,252.27821673356286,2152,608,250,250,1.0
F002,Iimoriyama Entrance,University of Aizu Ground,30.0,5.0,2647.4601570471973,550,529.4920314094395,3026,857,530,530,1.0
F003,University of Aizu Ground,Iimoriyama Entrance,50.0,5.0,2647.4601570471973,563,529.4920314094395,3103,857,532,532,1.0
F004,University of Aizu Ground,Aizuwakamatsu Station,50.0,8.0,2018.2257338685029,286,252.27821673356286,2160,608,254,254,1.0
F005,University of Aizu Ground,Tsurugajo Castle,50.0,8.0,4322.027139347237,574,540.2533924184046,4364,1226,541,541,1.0
F006,Aizuwakamatsu Station,University of Aizu Ground,50.0,5.0,2018.2257338685029,437,403.64514677370056,2212,624,402,402,1.0
F007,Aizuwakamatsu Station,University of Aizu Ground,100.0,8.0,2018.2257338685029,319,252.27821673356286,2152,608,253,253,1.0
F008,Iimoriyama Entrance,University of Aizu Ground,100.0,8.0,2647.4601570471973,398,330.93251963089966,3008,845,333,333,1.0
F009,Aizuwakamatsu Station,Iimoriyama Entrance,30.0,10.0,1924.502661702543,213,192.4502661702543,2066,576,192,192,1.0
F010,University of Aizu Ground,Aizuwakamatsu Station,30.0,10.0,2018.2257338685029,222,201.82257338685028,2132,612,203,203,1.0
F011,Iimoriyama Entrance,Aizuwakamatsu Station,30.0,10.0,1924.502661702543,213,192.4502661702543,2022,564,195,195,1.0
F012,University of Aizu Ground,Tsurugajo Castle,100.0,8.0,4322.027139347237,607,540.2533924184046,4447,1262,537,537,1.0
F013,Tsurugajo Castle,Iimoriyama Entrance,30.0,5.0,2716.2790011708726,564,543.2558002341746,3151,881,543,543,1.0
F014,Tsurugajo Castle,Iimoriyama Entrance,30.0,5.0,2716.2790011708726,564,543.2558002341746,3151,881,540,540,1.0
F015,Tsurugajo Castle,Aizuwakamatsu Station,50.0,8.0,2354.8929415911653,328,294.36161769889566,2298,642,295,295,1.0
F016,Aizuwakamatsu Station,Iimoriyama Entrance,50.0,10.0,1924.502661702543,226,192.4502661702543,2007,560,191,191,1.0
F017,Aizuwakamatsu Station,Iimoriyama Entrance,30.0,10.0,1924.502661702543,213,192.4502661702543,2066,576,192,192,1.0
F018,Aizuwakamatsu Station,University of Aizu Ground,50.0,5.0,2018.2257338685029,437,403.64514677370056,2212,624,406,406,1.0
F019,University of Aizu Ground,Iimoriyama Entrance,30.0,5.0,2647.4601570471973,550,529.4920314094395,3033,857,528,528,1.0
F020,Iimoriyama Entrance,Tsurugajo Castle,30.0,5.0,2716.2790011708726,564,543.2558002341746,3151,881,547,547,1.0
F021,Iimoriyama Entrance,Aizuwakamatsu Station,30.0,10.0,1924.502661702543,213,192.4502661702543,2022,564,192,192,1.0
F022,University of Aizu Ground,Aizuwakamatsu Station,30.0,10.0,2018.2257338685029,222,201.82257338685028,2132,612,197,197,1.0
F023,Iimoriyama Entrance,Tsurugajo Castle,100.0,8.0,2716.2790011708726,407,339.53487514635907,3038,865,342,342,1.0
F024,University of Aizu Ground,Tsurugajo Castle,30.0,10.0,4322.027139347237,453,432.20271393472365,4303,1238,442,442,1.0
F025,Aizuwakamatsu Station,Iimoriyama Entrance,50.0,5.0,1924.502661702543,419,384.9005323405086,2123,592,384,384,1.0
F026,University of Aizu Ground,Iimoriyama Entrance,100.0,8.0,2647.4601570471973,398,330.93251963089966,2948,834,332,332,1.0
F027,University of Aizu Ground,Tsurugajo Castle,100.0,10.0,4322.027139347237,499,432.20271393472365,4411,1250,434,434,1.0
F028,Aizuwakamatsu Station,University of Aizu Ground,50.0,5.0,2018.2257338685029,437,403.64514677370056,2212,624,407,407,1.0
F029,University of Aizu Ground,Tsurugajo Castle,30.0,8.0,4322.027139347237,561,540.2533924184046,4319,1242,546,546,1.0
F030,Tsurugajo Castle,University of Aizu Ground,50.0,5.0,4322.027139347237,898,864.4054278694473,4448,1246,866,866,1.0
F031,University of Aizu Ground,Iimoriyama Entrance,50.0,10.0,2647.4601570471973,299,264.74601570471975,2984,825,261,261,1.0
F032,Aizuwakamatsu Station,Tsurugajo Castle,50.0,8.0,2354.8929415911653,328,294.36161769889566,2298,642,294,294,1.0
F033,Aizuwakamatsu Station,Iimoriyama Entrance,30.0,5.0,1924.502661702543,405,384.9005323405086,2099,584,387,387,1.0
F034,Iimoriyama Entrance,Aizuwakamatsu Station,100.0,10.0,1924.502661702543,260,192.4502661702543,2084,584,195,195,1.0
