attribute_cardinality,zx,zy,zh,zt,count,bst_bits_per_record,time_block_s,x_coarsened_bits,y_coarsened_bits,h_coarsened_bits,anisotropic_xy
1,17,21,11,23,4,96,512,4,0,1,1
1,17,21,11,24,53,97,256,4,0,1,1
1,17,21,11,25,56,98,128,4,0,1,1
1,17,21,11,26,43,99,64,4,0,1,1
1,17,21,11,27,11,100,32,4,0,1,1
1,17,21,12,23,6,97,512,4,0,0,1
1,17,21,12,24,55,98,256,4,0,0,1
1,17,21,12,25,56,99,128,4,0,0,1
1,17,21,12,26,47,100,64,4,0,0,1
1,17,21,12,27,19,101,32,4,0,0,1
1,18,20,10,25,2,97,128,3,1,2,1
1,18,20,10,26,3,98,64,3,1,2,1
1,18,20,10,27,3,99,32,3,1,2,1
1,18,20,10,28,3,100,16,3,1,2,1
1,18,20,11,23,1,96,512,3,1,1,1
1,18,20,11,24,11,97,256,3,1,1,1
1,18,20,11,25,13,98,128,3,1,1,1
1,18,20,11,26,15,99,64,3,1,1,1
1,18,20,11,27,29,100,32,3,1,1,1
1,18,20,11,28,12,101,16,3,1,1,1
1,18,20,12,23,1,97,512,3,1,0,1
1,18,20,12,24,31,98,256,3,1,0,1
1,18,20,12,25,34,99,128,3,1,0,1
1,18,20,12,26,35,100,64,3,1,0,1
1,18,20,12,27,34,101,32,3,1,0,1
1,18,20,12,28,16,102,16,3,1,0,1
1,18,21,10,24,3,97,256,3,0,2,1
1,18,21,10,25,8,98,128,3,0,2,1
1,18,21,10,26,8,99,64,3,0,2,1
1,18,21,10,27,6,100,32,3,0,2,1
1,18,21,10,28,5,101,16,3,0,2,1
1,18,21,11,23,14,97,512,3,0,1,1
1,18,21,11,24,138,98,256,3,0,1,1
1,18,21,11,25,150,99,128,3,0,1,1
1,18,21,11,26,149,100,64,3,0,1,1
1,18,21,11,27,120,101,32,3,0,1,1
1,18,21,11,28,58,102,16,3,0,1,1
1,18,21,12,23,18,98,512,3,0,0,1
1,18,21,12,24,201,99,256,3,0,0,1
1,18,21,12,25,244,100,128,3,0,0,1
1,18,21,12,26,225,101,64,3,0,0,1
1,18,21,12,27,164,102,32,3,0,0,1
1,18,21,12,28,82,103,16,3,0,0,1
1,19,20,10,23,2,96,512,2,1,2,1
1,19,20,10,24,21,97,256,2,1,2,1
1,19,20,10,25,33,98,128,2,1,2,1
1,19,20,10,26,34,99,64,2,1,2,1
1,19,20,10,27,31,100,32,2,1,2,1
1,19,20,10,28,30,101,16,2,1,2,1
1,19,20,10,29,18,102,8,2,1,2,1
1,19,20,10,30,1,103,4,2,1,2,1
1,19,20,11,23,45,97,512,2,1,1,1
1,19,20,11,24,257,98,256,2,1,1,1
1,19,20,11,25,247,99,128,2,1,1,1
1,19,20,11,26,293,100,64,2,1,1,1
1,19,20,11,27,244,101,32,2,1,1,1
1,19,20,11,28,199,102,16,2,1,1,1
1,19,20,11,29,89,103,8,2,1,1,1
1,19,20,11,30,2,104,4,2,1,1,1
1,19,20,11,31,2,105,2,2,1,1,1
1,19,20,12,23,44,98,512,2,1,0,1
1,19,20,12,24,314,99,256,2,1,0,1
1,19,20,12,25,315,100,128,2,1,0,1
1,19,20,12,26,394,101,64,2,1,0,1
1,19,20,12,27,330,102,32,2,1,0,1
1,19,20,12,28,268,103,16,2,1,0,1
1,19,20,12,29,118,104,8,2,1,0,1
1,19,20,12,30,14,105,4,2,1,0,1
1,19,20,12,31,5,106,2,2,1,0,1
1,19,21,10,23,12,97,512,2,0,2,1
1,19,21,10,24,65,98,256,2,0,2,1
1,19,21,10,25,114,99,128,2,0,2,1
1,19,21,10,26,94,100,64,2,0,2,1
1,19,21,10,27,103,101,32,2,0,2,1
1,19,21,10,28,104,102,16,2,0,2,1
1,19,21,10,29,68,103,8,2,0,2,1
1,19,21,10,30,37,104,4,2,0,2,1
1,19,21,10,31,8,105,2,2,0,2,1
1,19,21,11,23,124,98,512,2,0,1,1
1,19,21,11,24,742,99,256,2,0,1,1
1,19,21,11,25,774,100,128,2,0,1,1
1,19,21,11,26,896,101,64,2,0,1,1
1,19,21,11,27,848,102,32,2,0,1,1
1,19,21,11,28,834,103,16,2,0,1,1
1,19,21,11,29,761,104,8,2,0,1,1
1,19,21,11,30,355,105,4,2,0,1,1
1,19,21,11,31,88,106,2,2,0,1,1
1,19,21,12,23,114,99,512,2,0,0,1
1,19,21,12,24,947,100,256,2,0,0,1
1,19,21,12,25,1008,101,128,2,0,0,1
1,19,21,12,26,1223,102,64,2,0,0,1
1,19,21,12,27,1101,103,32,2,0,0,1
1,19,21,12,28,1024,104,16,2,0,0,1
1,19,21,12,29,914,105,8,2,0,0,1
1,19,21,12,30,446,106,4,2,0,0,1
1,19,21,12,31,95,107,2,2,0,0,1
1,19,21,12,32,2,108,1,2,0,0,1
1,20,15,12,24,4,95,256,1,6,0,1
1,20,15,12,25,2,96,128,1,6,0,1
1,20,16,11,24,1,95,256,1,5,1,1
1,20,16,11,25,3,96,128,1,5,1,1
1,20,16,11,26,1,97,64,1,5,1,1
1,20,16,12,24,5,96,256,1,5,0,1
1,20,16,12,25,5,97,128,1,5,0,1
1,20,16,12,26,1,98,64,1,5,0,1
1,20,17,10,25,1,96,128,1,4,2,1
1,20,17,11,23,2,95,512,1,4,1,1
1,20,17,11,24,3,96,256,1,4,1,1
1,20,17,11,25,1,97,128,1,4,1,1
1,20,17,11,26,5,98,64,1,4,1,1
1,20,17,11,27,1,99,32,1,4,1,1
1,20,17,12,23,3,96,512,1,4,0,1
1,20,17,12,24,9,97,256,1,4,0,1
1,20,17,12,25,4,98,128,1,4,0,1
1,20,17,12,26,5,99,64,1,4,0,1
1,20,17,12,27,1,100,32,1,4,0,1
1,20,18,10,24,9,96,256,1,3,2,1
1,20,18,10,25,8,97,128,1,3,2,1
1,20,18,10,26,7,98,64,1,3,2,1
1,20,18,10,27,9,99,32,1,3,2,1
1,20,18,10,28,1,100,16,1,3,2,1
1,20,18,11,23,17,96,512,1,3,1,1
1,20,18,11,24,69,97,256,1,3,1,1
1,20,18,11,25,72,98,128,1,3,1,1
1,20,18,11,26,70,99,64,1,3,1,1
1,20,18,11,27,66,100,32,1,3,1,1
1,20,18,11,28,17,101,16,1,3,1,1
1,20,18,12,23,11,97,512,1,3,0,1
1,20,18,12,24,94,98,256,1,3,0,1
1,20,18,12,25,75,99,128,1,3,0,1
1,20,18,12,26,86,100,64,1,3,0,1
1,20,18,12,27,67,101,32,1,3,0,1
1,20,18,12,28,21,102,16,1,3,0,1
1,20,19,10,23,5,96,512,1,2,2,1
1,20,19,10,24,16,97,256,1,2,2,1
1,20,19,10,25,21,98,128,1,2,2,1
1,20,19,10,26,35,99,64,1,2,2,1
1,20,19,10,27,32,100,32,1,2,2,1
1,20,19,10,28,38,101,16,1,2,2,1
1,20,19,10,29,19,102,8,1,2,2,1
1,20,19,10,30,1,103,4,1,2,2,1
1,20,19,11,23,49,97,512,1,2,1,1
1,20,19,11,24,177,98,256,1,2,1,1
1,20,19,11,25,212,99,128,1,2,1,1
1,20,19,11,26,199,100,64,1,2,1,1
1,20,19,11,27,238,101,32,1,2,1,1
1,20,19,11,28,296,102,16,1,2,1,1
1,20,19,11,29,109,103,8,1,2,1,1
1,20,19,11,30,15,104,4,1,2,1,1
1,20,19,11,31,3,105,2,1,2,1,1
1,20,19,12,23,54,98,512,1,2,0,1
1,20,19,12,24,209,99,256,1,2,0,1
1,20,19,12,25,260,100,128,1,2,0,1
1,20,19,12,26,262,101,64,1,2,0,1
1,20,19,12,27,293,102,32,1,2,0,1
1,20,19,12,28,340,103,16,1,2,0,1
1,20,19,12,29,145,104,8,1,2,0,1
1,20,19,12,30,27,105,4,1,2,0,1
1,20,19,12,31,14,106,2,1,2,0,1
1,20,20,10,23,11,97,512,1,1,2,0
1,20,20,10,24,38,98,256,1,1,2,0
1,20,20,10,25,64,99,128,1,1,2,0
1,20,20,10,26,57,100,64,1,1,2,0
1,20,20,10,27,78,101,32,1,1,2,0
1,20,20,10,28,94,102,16,1,1,2,0
1,20,20,10,29,151,103,8,1,1,2,0
1,20,20,10,30,113,104,4,1,1,2,0
1,20,20,10,31,71,105,2,1,1,2,0
1,20,20,10,32,42,106,1,1,1,2,0
1,20,20,11,23,101,98,512,1,1,1,0
1,20,20,11,24,491,99,256,1,1,1,0
1,20,20,11,25,516,100,128,1,1,1,0
1,20,20,11,26,579,101,64,1,1,1,0
1,20,20,11,27,632,102,32,1,1,1,0
1,20,20,11,28,796,103,16,1,1,1,0
1,20,20,11,29,975,104,8,1,1,1,0
1,20,20,11,30,619,105,4,1,1,1,0
1,20,20,11,31,269,106,2,1,1,1,0
1,20,20,11,32,170,107,1,1,1,1,0
1,20,20,12,23,102,99,512,1,1,0,0
1,20,20,12,24,651,100,256,1,1,0,0
1,20,20,12,25,687,101,128,1,1,0,0
1,20,20,12,26,791,102,64,1,1,0,0
1,20,20,12,27,878,103,32,1,1,0,0
1,20,20,12,28,1036,104,16,1,1,0,0
1,20,20,12,29,1272,105,8,1,1,0,0
1,20,20,12,30,794,106,4,1,1,0,0
1,20,20,12,31,441,107,2,1,1,0,0
1,20,20,12,32,338,108,1,1,1,0,0
1,20,21,10,23,26,98,512,1,0,2,1
1,20,21,10,24,142,99,256,1,0,2,1
1,20,21,10,25,254,100,128,1,0,2,1
1,20,21,10,26,237,101,64,1,0,2,1
1,20,21,10,27,271,102,32,1,0,2,1
1,20,21,10,28,292,103,16,1,0,2,1
1,20,21,10,29,387,104,8,1,0,2,1
1,20,21,10,30,543,105,4,1,0,2,1
1,20,21,10,31,653,106,2,1,0,2,1
1,20,21,10,32,673,107,1,1,0,2,1
1,20,21,11,23,264,99,512,1,0,1,1
1,20,21,11,24,1466,100,256,1,0,1,1
1,20,21,11,25,1555,101,128,1,0,1,1
1,20,21,11,26,1899,102,64,1,0,1,1
1,20,21,11,27,2003,103,32,1,0,1,1
1,20,21,11,28,2369,104,16,1,0,1,1
1,20,21,11,29,3119,105,8,1,0,1,1
1,20,21,11,30,4567,106,4,1,0,1,1
1,20,21,11,31,5379,107,2,1,0,1,1
1,20,21,11,32,5562,108,1,1,0,1,1
1,20,21,12,23,267,100,512,1,0,0,1
1,20,21,12,24,1857,101,256,1,0,0,1
1,20,21,12,25,2009,102,128,1,0,0,1
1,20,21,12,26,2522,103,64,1,0,0,1
1,20,21,12,27,2611,104,32,1,0,0,1
1,20,21,12,28,2980,105,16,1,0,0,1
1,20,21,12,29,3842,106,8,1,0,0,1
1,20,21,12,30,5605,107,4,1,0,0,1
1,20,21,12,31,6553,108,2,1,0,0,1
1,20,21,12,32,6802,109,1,1,0,0,1
1,21,15,12,24,8,96,256,0,6,0,1
1,21,15,12,25,4,97,128,0,6,0,1
1,21,16,11,24,2,96,256,0,5,1,1
1,21,16,11,25,6,97,128,0,5,1,1
1,21,16,11,26,2,98,64,0,5,1,1
1,21,16,12,24,10,97,256,0,5,0,1
1,21,16,12,25,10,98,128,0,5,0,1
1,21,16,12,26,2,99,64,0,5,0,1
1,21,17,10,25,2,97,128,0,4,2,1
1,21,17,10,27,2,99,32,0,4,2,1
1,21,17,11,23,4,96,512,0,4,1,1
1,21,17,11,24,10,97,256,0,4,1,1
1,21,17,11,25,3,98,128,0,4,1,1
1,21,17,11,26,12,99,64,0,4,1,1
1,21,17,11,27,5,100,32,0,4,1,1
1,21,17,12,23,6,97,512,0,4,0,1
1,21,17,12,24,23,98,256,0,4,0,1
1,21,17,12,25,10,99,128,0,4,0,1
1,21,17,12,26,13,100,64,0,4,0,1
1,21,17,12,27,7,101,32,0,4,0,1
1,21,18,10,24,15,97,256,0,3,2,1
1,21,18,10,25,16,98,128,0,3,2,1
1,21,18,10,26,15,99,64,0,3,2,1
1,21,18,10,27,17,100,32,0,3,2,1
1,21,18,10,28,13,101,16,0,3,2,1
1,21,18,11,23,31,97,512,0,3,1,1
1,21,18,11,24,152,98,256,0,3,1,1
1,21,18,11,25,166,99,128,0,3,1,1
1,21,18,11,26,154,100,64,0,3,1,1
1,21,18,11,27,159,101,32,0,3,1,1
1,21,18,11,28,83,102,16,0,3,1,1
1,21,18,11,29,1,103,8,0,3,1,1
1,21,18,12,23,28,98,512,0,3,0,1
1,21,18,12,24,183,99,256,0,3,0,1
1,21,18,12,25,186,100,128,0,3,0,1
1,21,18,12,26,179,101,64,0,3,0,1
1,21,18,12,27,170,102,32,0,3,0,1
1,21,18,12,28,94,103,16,0,3,0,1
1,21,18,12,29,1,104,8,0,3,0,1
1,21,19,10,23,9,97,512,0,2,2,1
1,21,19,10,24,47,98,256,0,2,2,1
1,21,19,10,25,53,99,128,0,2,2,1
1,21,19,10,26,66,100,64,0,2,2,1
1,21,19,10,27,65,101,32,0,2,2,1
1,21,19,10,28,77,102,16,0,2,2,1
1,21,19,10,29,91,103,8,0,2,2,1
1,21,19,10,30,39,104,4,0,2,2,1
1,21,19,10,31,10,105,2,0,2,2,1
1,21,19,11,23,120,98,512,0,2,1,1
1,21,19,11,24,386,99,256,0,2,1,1
1,21,19,11,25,449,100,128,0,2,1,1
1,21,19,11,26,475,101,64,0,2,1,1
1,21,19,11,27,530,102,32,0,2,1,1
1,21,19,11,28,644,103,16,0,2,1,1
1,21,19,11,29,625,104,8,0,2,1,1
1,21,19,11,30,209,105,4,0,2,1,1
1,21,19,11,31,44,106,2,0,2,1,1
1,21,19,12,23,105,99,512,0,2,0,1
1,21,19,12,24,485,100,256,0,2,0,1
1,21,19,12,25,534,101,128,0,2,0,1
1,21,19,12,26,621,102,64,0,2,0,1
1,21,19,12,27,654,103,32,0,2,0,1
1,21,19,12,28,783,104,16,0,2,0,1
1,21,19,12,29,751,105,8,0,2,0,1
1,21,19,12,30,227,106,4,0,2,0,1
1,21,19,12,31,64,107,2,0,2,0,1
1,21,20,10,23,23,98,512,0,1,2,1
1,21,20,10,24,87,99,256,0,1,2,1
1,21,20,10,25,137,100,128,0,1,2,1
1,21,20,10,26,143,101,64,0,1,2,1
1,21,20,10,27,203,102,32,0,1,2,1
1,21,20,10,28,233,103,16,0,1,2,1
1,21,20,10,29,369,104,8,0,1,2,1
1,21,20,10,30,538,105,4,0,1,2,1
1,21,20,10,31,656,106,2,0,1,2,1
1,21,20,10,32,687,107,1,0,1,2,1
1,21,20,11,23,209,99,512,0,1,1,1
1,21,20,11,24,1007,100,256,0,1,1,1
1,21,20,11,25,1054,101,128,0,1,1,1
1,21,20,11,26,1236,102,64,0,1,1,1
1,21,20,11,27,1459,103,32,0,1,1,1
1,21,20,11,28,1946,104,16,0,1,1,1
1,21,20,11,29,2945,105,8,0,1,1,1
1,21,20,11,30,4620,106,4,0,1,1,1
1,21,20,11,31,5390,107,2,0,1,1,1
1,21,20,11,32,5673,108,1,0,1,1,1
1,21,20,12,23,202,100,512,0,1,0,1
1,21,20,12,24,1278,101,256,0,1,0,1
1,21,20,12,25,1376,102,128,0,1,0,1
1,21,20,12,26,1637,103,64,0,1,0,1
1,21,20,12,27,1895,104,32,0,1,0,1
1,21,20,12,28,2396,105,16,0,1,0,1
1,21,20,12,29,3592,106,8,0,1,0,1
1,21,20,12,30,5560,107,4,0,1,0,1
1,21,20,12,31,6511,108,2,0,1,0,1
1,21,20,12,32,6843,109,1,0,1,0,1
1,21,21,10,23,21,99,512,0,0,2,0
1,21,21,10,24,137,100,256,0,0,2,0
1,21,21,10,25,232,101,128,0,0,2,0
1,21,21,10,26,219,102,64,0,0,2,0
1,21,21,10,27,234,103,32,0,0,2,0
1,21,21,10,28,221,104,16,0,0,2,0
1,21,21,10,29,238,105,8,0,0,2,0
1,21,21,10,30,212,106,4,0,0,2,0
1,21,21,10,31,223,107,2,0,0,2,0
1,21,21,10,32,225,108,1,0,0,2,0
1,21,21,11,23,241,100,512,0,0,1,0
1,21,21,11,24,1435,101,256,0,0,1,0
1,21,21,11,25,1473,102,128,0,0,1,0
1,21,21,11,26,1736,103,64,0,0,1,0
1,21,21,11,27,1701,104,32,0,0,1,0
1,21,21,11,28,1760,105,16,0,0,1,0
1,21,21,11,29,1849,106,8,0,0,1,0
1,21,21,11,30,1829,107,4,0,0,1,0
1,21,21,11,31,1808,108,2,0,0,1,0
1,21,21,11,32,1930,109,1,0,0,1,0
1,21,21,12,23,223,101,512,0,0,0,0
1,21,21,12,24,1667,102,256,0,0,0,0
1,21,21,12,25,1728,103,128,0,0,0,0
1,21,21,12,26,2160,104,64,0,0,0,0
1,21,21,12,27,2068,105,32,0,0,0,0
1,21,21,12,28,2131,106,16,0,0,0,0
1,21,21,12,29,2243,107,8,0,0,0,0
1,21,21,12,30,2174,108,4,0,0,0,0
1,21,21,12,31,2182,109,2,0,0,0,0
1,21,21,12,32,2259,110,1,0,0,0,0
2,17,21,11,25,6,98,128,4,0,1,1
2,17,21,11,26,4,99,64,4,0,1,1
2,17,21,12,24,4,98,256,4,0,0,1
2,17,21,12,25,10,99,128,4,0,0,1
2,17,21,12,26,8,100,64,4,0,0,1
2,17,21,12,27,4,101,32,4,0,0,1
2,18,20,10,27,1,99,32,3,1,2,1
2,18,20,11,25,1,98,128,3,1,1,1
2,18,20,11,26,4,99,64,3,1,1,1
2,18,20,11,27,6,100,32,3,1,1,1
2,18,20,11,28,3,101,16,3,1,1,1
2,18,20,12,24,2,98,256,3,1,0,1
2,18,20,12,25,2,99,128,3,1,0,1
2,18,20,12,26,13,100,64,3,1,0,1
2,18,20,12,27,10,101,32,3,1,0,1
2,18,20,12,28,6,102,16,3,1,0,1
2,18,21,10,25,1,98,128,3,0,2,1
2,18,21,10,26,2,99,64,3,0,2,1
2,18,21,10,27,2,100,32,3,0,2,1
2,18,21,11,24,4,98,256,3,0,1,1
2,18,21,11,25,17,99,128,3,0,1,1
2,18,21,11,26,14,100,64,3,0,1,1
2,18,21,11,27,18,101,32,3,0,1,1
2,18,21,11,28,11,102,16,3,0,1,1
2,18,21,12,24,20,99,256,3,0,0,1
2,18,21,12,25,36,100,128,3,0,0,1
2,18,21,12,26,37,101,64,3,0,0,1
2,18,21,12,27,37,102,32,3,0,0,1
2,18,21,12,28,22,103,16,3,0,0,1
2,19,20,10,24,2,97,256,2,1,2,1
2,19,20,10,25,4,98,128,2,1,2,1
2,19,20,10,26,1,99,64,2,1,2,1
2,19,20,10,27,3,100,32,2,1,2,1
2,19,20,10,28,1,101,16,2,1,2,1
2,19,20,11,24,19,98,256,2,1,1,1
2,19,20,11,25,19,99,128,2,1,1,1
2,19,20,11,26,29,100,64,2,1,1,1
2,19,20,11,27,32,101,32,2,1,1,1
2,19,20,11,28,28,102,16,2,1,1,1
2,19,20,11,29,21,103,8,2,1,1,1
2,19,20,11,30,2,104,4,2,1,1,1
2,19,20,11,31,2,105,2,2,1,1,1
2,19,20,12,24,38,99,256,2,1,0,1
2,19,20,12,25,66,100,128,2,1,0,1
2,19,20,12,26,60,101,64,2,1,0,1
2,19,20,12,27,67,102,32,2,1,0,1
2,19,20,12,28,56,103,16,2,1,0,1
2,19,20,12,29,36,104,8,2,1,0,1
2,19,20,12,30,5,105,4,2,1,0,1
2,19,20,12,31,3,106,2,2,1,0,1
2,19,21,10,24,4,98,256,2,0,2,1
2,19,21,10,25,19,99,128,2,0,2,1
2,19,21,10,26,13,100,64,2,0,2,1
2,19,21,10,27,9,101,32,2,0,2,1
2,19,21,10,28,8,102,16,2,0,2,1
2,19,21,10,29,8,103,8,2,0,2,1
2,19,21,10,30,7,104,4,2,0,2,1
2,19,21,10,31,2,105,2,2,0,2,1
2,19,21,11,24,52,99,256,2,0,1,1
2,19,21,11,25,60,100,128,2,0,1,1
2,19,21,11,26,74,101,64,2,0,1,1
2,19,21,11,27,91,102,32,2,0,1,1
2,19,21,11,28,87,103,16,2,0,1,1
2,19,21,11,29,81,104,8,2,0,1,1
2,19,21,11,30,28,105,4,2,0,1,1
2,19,21,11,31,6,106,2,2,0,1,1
2,19,21,12,24,117,100,256,2,0,0,1
2,19,21,12,25,177,101,128,2,0,0,1
2,19,21,12,26,165,102,64,2,0,0,1
2,19,21,12,27,209,103,32,2,0,0,1
2,19,21,12,28,196,104,16,2,0,0,1
2,19,21,12,29,165,105,8,2,0,0,1
2,19,21,12,30,89,106,4,2,0,0,1
2,19,21,12,31,28,107,2,2,0,0,1
2,20,18,12,24,6,98,256,1,3,0,1
2,20,18,12,25,5,99,128,1,3,0,1
2,20,18,12,26,4,100,64,1,3,0,1
2,20,18,12,27,5,101,32,1,3,0,1
2,20,18,12,28,1,102,16,1,3,0,1
2,20,19,11,24,1,98,256,1,2,1,1
2,20,19,11,25,4,99,128,1,2,1,1
2,20,19,11,26,10,100,64,1,2,1,1
2,20,19,11,27,11,101,32,1,2,1,1
2,20,19,11,28,18,102,16,1,2,1,1
2,20,19,11,29,2,103,8,1,2,1,1
2,20,19,11,30,1,104,4,1,2,1,1
2,20,19,12,24,14,99,256,1,2,0,1
2,20,19,12,25,26,100,128,1,2,0,1
2,20,19,12,26,51,101,64,1,2,0,1
2,20,19,12,27,48,102,32,1,2,0,1
2,20,19,12,28,51,103,16,1,2,0,1
2,20,19,12,29,23,104,8,1,2,0,1
2,20,19,12,30,4,105,4,1,2,0,1
2,20,20,10,25,7,99,128,1,1,2,0
2,20,20,10,26,5,100,64,1,1,2,0
2,20,20,10,27,3,101,32,1,1,2,0
2,20,20,10,28,5,102,16,1,1,2,0
2,20,20,10,29,12,103,8,1,1,2,0
2,20,20,10,30,16,104,4,1,1,2,0
2,20,20,10,31,12,105,2,1,1,2,0
2,20,20,10,32,7,106,1,1,1,2,0
2,20,20,11,24,18,99,256,1,1,1,0
2,20,20,11,25,13,100,128,1,1,1,0
2,20,20,11,26,34,101,64,1,1,1,0
2,20,20,11,27,56,102,32,1,1,1,0
2,20,20,11,28,65,103,16,1,1,1,0
2,20,20,11,29,89,104,8,1,1,1,0
2,20,20,11,30,60,105,4,1,1,1,0
2,20,20,11,31,47,106,2,1,1,1,0
2,20,20,11,32,20,107,1,1,1,1,0
2,20,20,12,24,54,100,256,1,1,0,0
2,20,20,12,25,91,101,128,1,1,0,0
2,20,20,12,26,125,102,64,1,1,0,0
2,20,20,12,27,165,103,32,1,1,0,0
2,20,20,12,28,194,104,16,1,1,0,0
2,20,20,12,29,236,105,8,1,1,0,0
2,20,20,12,30,157,106,4,1,1,0,0
2,20,20,12,31,106,107,2,1,1,0,0
2,20,20,12,32,60,108,1,1,1,0,0
2,20,21,10,24,6,99,256,1,0,2,1
2,20,21,10,25,45,100,128,1,0,2,1
2,20,21,10,26,36,101,64,1,0,2,1
2,20,21,10,27,23,102,32,1,0,2,1
2,20,21,10,28,26,103,16,1,0,2,1
2,20,21,10,29,30,104,8,1,0,2,1
2,20,21,10,30,32,105,4,1,0,2,1
2,20,21,10,31,31,106,2,1,0,2,1
2,20,21,10,32,34,107,1,1,0,2,1
2,20,21,11,24,100,100,256,1,0,1,1
2,20,21,11,25,134,101,128,1,0,1,1
2,20,21,11,26,190,102,64,1,0,1,1
2,20,21,11,27,218,103,32,1,0,1,1
2,20,21,11,28,252,104,16,1,0,1,1
2,20,21,11,29,304,105,8,1,0,1,1
2,20,21,11,30,438,106,4,1,0,1,1
2,20,21,11,31,533,107,2,1,0,1,1
2,20,21,11,32,521,108,1,1,0,1,1
2,20,21,12,24,231,101,256,1,0,0,1
2,20,21,12,25,391,102,128,1,0,0,1
2,20,21,12,26,486,103,64,1,0,0,1
2,20,21,12,27,529,104,32,1,0,0,1
2,20,21,12,28,584,105,16,1,0,0,1
2,20,21,12,29,766,106,8,1,0,0,1
2,20,21,12,30,1093,107,4,1,0,0,1
2,20,21,12,31,1297,108,2,1,0,0,1
2,20,21,12,32,1293,109,1,1,0,0,1
2,21,17,12,25,1,99,128,0,4,0,1
2,21,17,12,26,1,100,64,0,4,0,1
2,21,17,12,27,1,101,32,0,4,0,1
2,21,18,11,24,2,98,256,0,3,1,1
2,21,18,11,25,1,99,128,0,3,1,1
2,21,18,11,26,3,100,64,0,3,1,1
2,21,18,11,27,8,101,32,0,3,1,1
2,21,18,11,28,2,102,16,0,3,1,1
2,21,18,12,24,10,99,256,0,3,0,1
2,21,18,12,25,15,100,128,0,3,0,1
2,21,18,12,26,18,101,64,0,3,0,1
2,21,18,12,27,23,102,32,0,3,0,1
2,21,18,12,28,9,103,16,0,3,0,1
2,21,19,10,25,6,99,128,0,2,2,1
2,21,19,10,26,6,100,64,0,2,2,1
2,21,19,10,27,2,101,32,0,2,2,1
2,21,19,10,28,1,102,16,0,2,2,1
2,21,19,10,29,4,103,8,0,2,2,1
2,21,19,10,30,1,104,4,0,2,2,1
2,21,19,10,31,2,105,2,0,2,2,1
2,21,19,11,24,15,99,256,0,2,1,1
2,21,19,11,25,11,100,128,0,2,1,1
2,21,19,11,26,43,101,64,0,2,1,1
2,21,19,11,27,50,102,32,0,2,1,1
2,21,19,11,28,55,103,16,0,2,1,1
2,21,19,11,29,53,104,8,0,2,1,1
2,21,19,11,30,14,105,4,0,2,1,1
2,21,19,11,31,4,106,2,0,2,1,1
2,21,19,12,24,40,100,256,0,2,0,1
2,21,19,12,25,63,101,128,0,2,0,1
2,21,19,12,26,117,102,64,0,2,0,1
2,21,19,12,27,104,103,32,0,2,0,1
2,21,19,12,28,141,104,16,0,2,0,1
2,21,19,12,29,117,105,8,0,2,0,1
2,21,19,12,30,28,106,4,0,2,0,1
2,21,19,12,31,7,107,2,0,2,0,1
2,21,20,10,24,2,99,256,0,1,2,1
2,21,20,10,25,11,100,128,0,1,2,1
2,21,20,10,26,9,101,64,0,1,2,1
2,21,20,10,27,10,102,32,0,1,2,1
2,21,20,10,28,17,103,16,0,1,2,1
2,21,20,10,29,28,104,8,0,1,2,1
2,21,20,10,30,38,105,4,0,1,2,1
2,21,20,10,31,43,106,2,0,1,2,1
2,21,20,10,32,38,107,1,0,1,2,1
2,21,20,11,24,31,100,256,0,1,1,1
2,21,20,11,25,39,101,128,0,1,1,1
2,21,20,11,26,92,102,64,0,1,1,1
2,21,20,11,27,130,103,32,0,1,1,1
2,21,20,11,28,186,104,16,0,1,1,1
2,21,20,11,29,301,105,8,0,1,1,1
2,21,20,11,30,477,106,4,0,1,1,1
2,21,20,11,31,584,107,2,0,1,1,1
2,21,20,11,32,592,108,1,0,1,1,1
2,21,20,12,23,2,100,512,0,1,0,1
2,21,20,12,24,100,101,256,0,1,0,1
2,21,20,12,25,198,102,128,0,1,0,1
2,21,20,12,26,269,103,64,0,1,0,1
2,21,20,12,27,363,104,32,0,1,0,1
2,21,20,12,28,461,105,16,0,1,0,1
2,21,20,12,29,734,106,8,0,1,0,1
2,21,20,12,30,1144,107,4,0,1,0,1
2,21,20,12,31,1322,108,2,0,1,0,1
2,21,20,12,32,1354,109,1,0,1,0,1
2,21,21,10,24,5,100,256,0,0,2,0
2,21,21,10,25,42,101,128,0,0,2,0
2,21,21,10,26,35,102,64,0,0,2,0
2,21,21,10,27,21,103,32,0,0,2,0
2,21,21,10,28,23,104,16,0,0,2,0
2,21,21,10,29,29,105,8,0,0,2,0
2,21,21,10,30,28,106,4,0,0,2,0
2,21,21,10,31,30,107,2,0,0,2,0
2,21,21,10,32,26,108,1,0,0,2,0
2,21,21,11,24,108,101,256,0,0,1,0
2,21,21,11,25,132,102,128,0,0,1,0
2,21,21,11,26,192,103,64,0,0,1,0
2,21,21,11,27,233,104,32,0,0,1,0
2,21,21,11,28,249,105,16,0,0,1,0
2,21,21,11,29,280,106,8,0,0,1,0
2,21,21,11,30,310,107,4,0,0,1,0
2,21,21,11,31,340,108,2,0,0,1,0
2,21,21,11,32,336,109,1,0,0,1,0
2,21,21,12,23,1,101,512,0,0,0,0
2,21,21,12,24,205,102,256,0,0,0,0
2,21,21,12,25,359,103,128,0,0,0,0
2,21,21,12,26,425,104,64,0,0,0,0
2,21,21,12,27,483,105,32,0,0,0,0
2,21,21,12,28,513,106,16,0,0,0,0
2,21,21,12,29,548,107,8,0,0,0,0
2,21,21,12,30,594,108,4,0,0,0,0
2,21,21,12,31,645,109,2,0,0,0,0
2,21,21,12,32,603,110,1,0,0,0,0
3,19,20,11,25,1,99,128,2,1,1,1
3,19,20,11,26,1,100,64,2,1,1,1
3,19,20,11,27,3,101,32,2,1,1,1
3,19,20,11,28,3,102,16,2,1,1,1
3,19,20,11,30,2,104,4,2,1,1,1
3,19,20,12,26,2,101,64,2,1,0,1
3,19,20,12,27,3,102,32,2,1,0,1
3,19,20,12,28,5,103,16,2,1,0,1
3,19,20,12,29,4,104,8,2,1,0,1
3,19,20,12,30,1,105,4,2,1,0,1
3,19,21,11,25,4,100,128,2,0,1,1
3,19,21,11,26,4,101,64,2,0,1,1
3,19,21,11,27,8,102,32,2,0,1,1
3,19,21,11,28,8,103,16,2,0,1,1
3,19,21,11,30,4,105,4,2,0,1,1
3,19,21,12,25,2,101,128,2,0,0,1
3,19,21,12,26,6,102,64,2,0,0,1
3,19,21,12,27,8,103,32,2,0,0,1
3,19,21,12,28,12,104,16,2,0,0,1
3,19,21,12,29,8,105,8,2,0,0,1
3,19,21,12,30,2,106,4,2,0,0,1
3,20,19,12,25,1,100,128,1,2,0,1
3,20,19,12,26,1,101,64,1,2,0,1
3,20,19,12,27,1,102,32,1,2,0,1
3,20,19,12,31,1,106,2,1,2,0,1
3,20,20,11,25,2,100,128,1,1,1,0
3,20,20,11,26,2,101,64,1,1,1,0
3,20,20,11,27,2,102,32,1,1,1,0
3,20,20,11,28,2,103,16,1,1,1,0
3,20,20,11,29,6,104,8,1,1,1,0
3,20,20,11,30,4,105,4,1,1,1,0
3,20,20,11,31,6,106,2,1,1,1,0
3,20,20,11,32,5,107,1,1,1,1,0
3,20,20,12,25,3,101,128,1,1,0,0
3,20,20,12,26,7,102,64,1,1,0,0
3,20,20,12,27,9,103,32,1,1,0,0
3,20,20,12,28,10,104,16,1,1,0,0
3,20,20,12,29,11,105,8,1,1,0,0
3,20,20,12,30,6,106,4,1,1,0,0
3,20,20,12,31,17,107,2,1,1,0,0
3,20,20,12,32,13,108,1,1,1,0,0
3,20,21,11,25,6,101,128,1,0,1,1
3,20,21,11,26,6,102,64,1,0,1,1
3,20,21,11,27,6,103,32,1,0,1,1
3,20,21,11,28,8,104,16,1,0,1,1
3,20,21,11,29,13,105,8,1,0,1,1
3,20,21,11,30,10,106,4,1,0,1,1
3,20,21,11,31,20,107,2,1,0,1,1
3,20,21,11,32,23,108,1,1,0,1,1
3,20,21,12,25,10,102,128,1,0,0,1
3,20,21,12,26,18,103,64,1,0,0,1
3,20,21,12,27,22,104,32,1,0,0,1
3,20,21,12,28,28,105,16,1,0,0,1
3,20,21,12,29,34,106,8,1,0,0,1
3,20,21,12,30,40,107,4,1,0,0,1
3,20,21,12,31,54,108,2,1,0,0,1
3,20,21,12,32,59,109,1,1,0,0,1
3,21,19,11,25,1,100,128,0,2,1,1
3,21,19,11,26,1,101,64,0,2,1,1
3,21,19,11,27,1,102,32,0,2,1,1
3,21,19,11,29,1,104,8,0,2,1,1
3,21,19,12,25,4,101,128,0,2,0,1
3,21,19,12,26,6,102,64,0,2,0,1
3,21,19,12,27,6,103,32,0,2,0,1
3,21,19,12,28,6,104,16,0,2,0,1
3,21,19,12,29,6,105,8,0,2,0,1
3,21,19,12,31,2,107,2,0,2,0,1
3,21,20,11,25,8,101,128,0,1,1,1
3,21,20,11,26,8,102,64,0,1,1,1
3,21,20,11,27,12,103,32,0,1,1,1
3,21,20,11,28,15,104,16,0,1,1,1
3,21,20,11,29,12,105,8,0,1,1,1
3,21,20,11,30,18,106,4,0,1,1,1
3,21,20,11,31,29,107,2,0,1,1,1
3,21,20,11,32,28,108,1,0,1,1,1
3,21,20,12,25,8,102,128,0,1,0,1
3,21,20,12,26,24,103,64,0,1,0,1
3,21,20,12,27,37,104,32,0,1,0,1
3,21,20,12,28,54,105,16,0,1,0,1
3,21,20,12,29,67,106,8,0,1,0,1
3,21,20,12,30,54,107,4,0,1,0,1
3,21,20,12,31,87,108,2,0,1,0,1
3,21,20,12,32,85,109,1,0,1,0,1
3,21,21,11,25,2,102,128,0,0,1,0
3,21,21,11,26,2,103,64,0,0,1,0
3,21,21,11,27,2,104,32,0,0,1,0
3,21,21,11,28,5,105,16,0,0,1,0
3,21,21,11,29,11,106,8,0,0,1,0
3,21,21,11,30,7,107,4,0,0,1,0
3,21,21,11,31,6,108,2,0,0,1,0
3,21,21,11,32,8,109,1,0,0,1,0
3,21,21,12,25,12,103,128,0,0,0,0
3,21,21,12,26,12,104,64,0,0,0,0
3,21,21,12,27,27,105,32,0,0,0,0
3,21,21,12,28,35,106,16,0,0,0,0
3,21,21,12,29,47,107,8,0,0,0,0
3,21,21,12,30,52,108,4,0,0,0,0
3,21,21,12,31,65,109,2,0,0,0,0
3,21,21,12,32,63,110,1,0,0,0,0
4,19,20,12,25,1,100,128,2,1,0,1
4,19,20,12,26,1,101,64,2,1,0,1
4,19,20,12,27,2,102,32,2,1,0,1
4,19,20,12,28,1,103,16,2,1,0,1
4,19,20,12,30,1,105,4,2,1,0,1
4,19,21,12,25,2,101,128,2,0,0,1
4,19,21,12,26,2,102,64,2,0,0,1
4,19,21,12,27,4,103,32,2,0,0,1
4,19,21,12,28,2,104,16,2,0,0,1
4,19,21,12,30,2,106,4,2,0,0,1
4,20,20,12,25,2,101,128,1,1,0,0
4,20,20,12,26,2,102,64,1,1,0,0
4,20,20,12,27,2,103,32,1,1,0,0
4,20,20,12,29,3,105,8,1,1,0,0
4,20,20,12,30,3,106,4,1,1,0,0
4,20,20,12,31,3,107,2,1,1,0,0
4,20,20,12,32,5,108,1,1,1,0,0
4,20,21,12,25,4,102,128,1,0,0,1
4,20,21,12,26,4,103,64,1,0,0,1
4,20,21,12,27,4,104,32,1,0,0,1
4,20,21,12,29,6,106,8,1,0,0,1
4,20,21,12,30,8,107,4,1,0,0,1
4,20,21,12,31,14,108,2,1,0,0,1
4,20,21,12,32,16,109,1,1,0,0,1
4,21,19,12,25,1,101,128,0,2,0,1
4,21,19,12,26,1,102,64,0,2,0,1
4,21,19,12,27,1,103,32,0,2,0,1
4,21,19,12,29,1,105,8,0,2,0,1
4,21,20,12,25,7,102,128,0,1,0,1
4,21,20,12,26,7,103,64,0,1,0,1
4,21,20,12,27,9,104,32,0,1,0,1
4,21,20,12,28,6,105,16,0,1,0,1
4,21,20,12,29,6,106,8,0,1,0,1
4,21,20,12,30,14,107,4,0,1,0,1
4,21,20,12,31,18,108,2,0,1,0,1
4,21,20,12,32,18,109,1,0,1,0,1
4,21,21,12,25,1,103,128,0,0,0,0
4,21,21,12,26,1,104,64,0,0,0,0
4,21,21,12,27,1,105,32,0,0,0,0
4,21,21,12,28,1,106,16,0,0,0,0
4,21,21,12,29,5,107,8,0,0,0,0
4,21,21,12,30,4,108,4,0,0,0,0
4,21,21,12,31,1,109,2,0,0,0,0
4,21,21,12,32,4,110,1,0,0,0,0
